--------------------------------------------------------
--  File created - Saturday-February-07-2026   
--------------------------------------------------------
DROP TABLE "COMPANY" cascade constraints;
DROP TABLE "DEGREE" cascade constraints;
DROP TABLE "DEPARTMENT" cascade constraints;
DROP TABLE "EMPLOYMENT_CATEGORY" cascade constraints;
DROP TABLE "EXTERNAL_DEGREE" cascade constraints;
DROP TABLE "EXTERNAL_INSTITUTION" cascade constraints;
DROP TABLE "FACULTY" cascade constraints;
DROP TABLE "FEEDBACK" cascade constraints;
DROP TABLE "GRADUATE" cascade constraints;
DROP TABLE "JOB_LEVEL" cascade constraints;
DROP TABLE "PROFESSOR" cascade constraints;
DROP TABLE "PROGRAM" cascade constraints;
DROP TABLE "RATING" cascade constraints;
DROP TABLE "RECOMMENDATION" cascade constraints;
DROP TABLE "RELEVANCE_LEVEL" cascade constraints;
DROP TABLE "SCIENTIFIC_FIELD" cascade constraints;
DROP TABLE "SKILLS" cascade constraints;
DROP TABLE "WORK_EXPERIENCE" cascade constraints;
DROP PROCEDURE "EMPLOYMENT_CATEGORY_SHARE";
DROP PROCEDURE "FIND_CAREER_GAPS";
DROP PROCEDURE "FIND_OVERLAPPING_STUDIES";
--------------------------------------------------------
--  DDL for Table COMPANY
--------------------------------------------------------

  CREATE TABLE "COMPANY" 
   (	"COMPANY_ID" NUMBER GENERATED BY DEFAULT ON NULL AS IDENTITY MINVALUE 1 MAXVALUE 9999999999999999999999999999 INCREMENT BY 1 START WITH 1 CACHE 20 NOORDER  NOCYCLE  NOKEEP  NOSCALE , 
	"COMPANY_NAME" VARCHAR2(150 BYTE) COLLATE "USING_NLS_COMP", 
	"BUSINESS_SECTOR" VARCHAR2(100 BYTE) COLLATE "USING_NLS_COMP", 
	"PHONE" VARCHAR2(20 BYTE) COLLATE "USING_NLS_COMP", 
	"EMAIL" VARCHAR2(100 BYTE) COLLATE "USING_NLS_COMP", 
	"ADDRESS" VARCHAR2(255 BYTE) COLLATE "USING_NLS_COMP", 
	"WEBSITE" VARCHAR2(255 BYTE) COLLATE "USING_NLS_COMP", 
	"IS_VERIFIED" CHAR(1 BYTE) COLLATE "USING_NLS_COMP" DEFAULT 'N'
   )  DEFAULT COLLATION "USING_NLS_COMP" ;
--------------------------------------------------------
--  DDL for Table DEGREE
--------------------------------------------------------

  CREATE TABLE "DEGREE" 
   (	"DEGREE_ID" NUMBER GENERATED BY DEFAULT ON NULL AS IDENTITY MINVALUE 1 MAXVALUE 9999999999999999999999999999 INCREMENT BY 1 START WITH 1 CACHE 20 NOORDER  NOCYCLE  NOKEEP  NOSCALE , 
	"ENROLLMENT_DATE" DATE, 
	"GRADUATION_DATE" DATE, 
	"GRADE" NUMBER(4,2), 
	"THESIS_TITLE" VARCHAR2(255 BYTE) COLLATE "USING_NLS_COMP", 
	"THESIS_GRADE" NUMBER(4,2), 
	"PROGRAM_ID" NUMBER, 
	"GRADUATE_ID" NUMBER, 
	"PROFESSOR_ID" NUMBER
   )  DEFAULT COLLATION "USING_NLS_COMP" ;
--------------------------------------------------------
--  DDL for Table DEPARTMENT
--------------------------------------------------------

  CREATE TABLE "DEPARTMENT" 
   (	"DEPARTMENT_ID" NUMBER GENERATED BY DEFAULT ON NULL AS IDENTITY MINVALUE 1 MAXVALUE 9999999999999999999999999999 INCREMENT BY 1 START WITH 1 CACHE 20 NOORDER  NOCYCLE  NOKEEP  NOSCALE , 
	"DEPARTMENT_NAME" VARCHAR2(100 BYTE) COLLATE "USING_NLS_COMP", 
	"SCHOOL_ID" NUMBER
   )  DEFAULT COLLATION "USING_NLS_COMP" ;
--------------------------------------------------------
--  DDL for Table EMPLOYMENT_CATEGORY
--------------------------------------------------------

  CREATE TABLE "EMPLOYMENT_CATEGORY" 
   (	"CATEGORY_ID" NUMBER GENERATED BY DEFAULT ON NULL AS IDENTITY MINVALUE 1 MAXVALUE 9999999999999999999999999999 INCREMENT BY 1 START WITH 1 CACHE 20 NOORDER  NOCYCLE  NOKEEP  NOSCALE , 
	"CATEGORY_NAME" VARCHAR2(100 BYTE) COLLATE "USING_NLS_COMP"
   )  DEFAULT COLLATION "USING_NLS_COMP" ;
--------------------------------------------------------
--  DDL for Table EXTERNAL_DEGREE
--------------------------------------------------------

  CREATE TABLE "EXTERNAL_DEGREE" 
   (	"EX_DEGREE_ID" NUMBER GENERATED BY DEFAULT ON NULL AS IDENTITY MINVALUE 1 MAXVALUE 9999999999999999999999999999 INCREMENT BY 1 START WITH 1 CACHE 20 NOORDER  NOCYCLE  NOKEEP  NOSCALE , 
	"DEGREE_TITLE" VARCHAR2(150 BYTE) COLLATE "USING_NLS_COMP", 
	"DEGREE_LEVEL" VARCHAR2(50 BYTE) COLLATE "USING_NLS_COMP", 
	"ENROLLMENT_DATE" DATE, 
	"GRADUATION_DATE" DATE, 
	"GRADE" NUMBER(4,2), 
	"INSTITUTION_ID" NUMBER, 
	"FIELD_ID" NUMBER, 
	"GRADUATE_ID" NUMBER
   )  DEFAULT COLLATION "USING_NLS_COMP" ;
--------------------------------------------------------
--  DDL for Table EXTERNAL_INSTITUTION
--------------------------------------------------------

  CREATE TABLE "EXTERNAL_INSTITUTION" 
   (	"INSTITUTION_ID" NUMBER GENERATED BY DEFAULT ON NULL AS IDENTITY MINVALUE 1 MAXVALUE 9999999999999999999999999999 INCREMENT BY 1 START WITH 1 CACHE 20 NOORDER  NOCYCLE  NOKEEP  NOSCALE , 
	"INSTITUTION_NAME" VARCHAR2(150 BYTE) COLLATE "USING_NLS_COMP", 
	"INSTITUTION_TYPE" VARCHAR2(50 BYTE) COLLATE "USING_NLS_COMP", 
	"COUNTRY" VARCHAR2(50 BYTE) COLLATE "USING_NLS_COMP", 
	"WEBSITE" VARCHAR2(255 BYTE) COLLATE "USING_NLS_COMP"
   )  DEFAULT COLLATION "USING_NLS_COMP" ;
--------------------------------------------------------
--  DDL for Table FACULTY
--------------------------------------------------------

  CREATE TABLE "FACULTY" 
   (	"SCHOOL_ID" NUMBER GENERATED BY DEFAULT ON NULL AS IDENTITY MINVALUE 1 MAXVALUE 9999999999999999999999999999 INCREMENT BY 1 START WITH 1 CACHE 20 NOORDER  NOCYCLE  NOKEEP  NOSCALE , 
	"SCHOOL_NAME" VARCHAR2(100 BYTE) COLLATE "USING_NLS_COMP"
   )  DEFAULT COLLATION "USING_NLS_COMP" ;
--------------------------------------------------------
--  DDL for Table FEEDBACK
--------------------------------------------------------

  CREATE TABLE "FEEDBACK" 
   (	"FEEDBACK_ID" NUMBER GENERATED BY DEFAULT ON NULL AS IDENTITY MINVALUE 1 MAXVALUE 9999999999999999999999999999 INCREMENT BY 1 START WITH 1 CACHE 20 NOORDER  NOCYCLE  NOKEEP  NOSCALE , 
	"FEEDBACK_DATE" DATE DEFAULT CURRENT_DATE, 
	"EVALUATOR_ROLE" VARCHAR2(50 BYTE) COLLATE "USING_NLS_COMP", 
	"COMMENTS" CLOB COLLATE "USING_NLS_COMP", 
	"WORK_ID" NUMBER, 
	"COMPANY_ID" NUMBER
   )  DEFAULT COLLATION "USING_NLS_COMP" ;
--------------------------------------------------------
--  DDL for Table GRADUATE
--------------------------------------------------------

  CREATE TABLE "GRADUATE" 
   (	"GRADUATE_ID" NUMBER GENERATED BY DEFAULT ON NULL AS IDENTITY MINVALUE 1 MAXVALUE 9999999999999999999999999999 INCREMENT BY 1 START WITH 1 CACHE 20 NOORDER  NOCYCLE  NOKEEP  NOSCALE , 
	"REGISTRATION_NO" VARCHAR2(20 BYTE) COLLATE "USING_NLS_COMP", 
	"REGISTRATION_YEAR" NUMBER, 
	"LAST_NAME" VARCHAR2(50 BYTE) COLLATE "USING_NLS_COMP", 
	"FIRST_NAME" VARCHAR2(50 BYTE) COLLATE "USING_NLS_COMP", 
	"FATHER_NAME" VARCHAR2(50 BYTE) COLLATE "USING_NLS_COMP", 
	"ID_NO" VARCHAR2(20 BYTE) COLLATE "USING_NLS_COMP", 
	"DATE_OF_BIRTH" DATE, 
	"EMAIL" VARCHAR2(100 BYTE) COLLATE "USING_NLS_COMP", 
	"LINKEDIN_URL" VARCHAR2(255 BYTE) COLLATE "USING_NLS_COMP", 
	"MOBILE_PHONE" VARCHAR2(20 BYTE) COLLATE "USING_NLS_COMP", 
	"ADDRESS" VARCHAR2(255 BYTE) COLLATE "USING_NLS_COMP", 
	"GENDER" VARCHAR2(10 BYTE) COLLATE "USING_NLS_COMP"
   )  DEFAULT COLLATION "USING_NLS_COMP" ;
--------------------------------------------------------
--  DDL for Table JOB_LEVEL
--------------------------------------------------------

  CREATE TABLE "JOB_LEVEL" 
   (	"JOB_LEVEL_ID" NUMBER GENERATED BY DEFAULT ON NULL AS IDENTITY MINVALUE 1 MAXVALUE 9999999999999999999999999999 INCREMENT BY 1 START WITH 1 CACHE 20 NOORDER  NOCYCLE  NOKEEP  NOSCALE , 
	"JOB_LEVEL_TITLE" VARCHAR2(50 BYTE) COLLATE "USING_NLS_COMP", 
	"DESCRIPTION" CLOB COLLATE "USING_NLS_COMP"
   )  DEFAULT COLLATION "USING_NLS_COMP" ;
--------------------------------------------------------
--  DDL for Table PROFESSOR
--------------------------------------------------------

  CREATE TABLE "PROFESSOR" 
   (	"PROFESSOR_ID" NUMBER GENERATED BY DEFAULT ON NULL AS IDENTITY MINVALUE 1 MAXVALUE 9999999999999999999999999999 INCREMENT BY 1 START WITH 1 CACHE 20 NOORDER  NOCYCLE  NOKEEP  NOSCALE , 
	"LAST_NAME" VARCHAR2(50 BYTE) COLLATE "USING_NLS_COMP", 
	"FIRST_NAME" VARCHAR2(50 BYTE) COLLATE "USING_NLS_COMP", 
	"FATHER_NAME" VARCHAR2(50 BYTE) COLLATE "USING_NLS_COMP", 
	"ID_NO" VARCHAR2(20 BYTE) COLLATE "USING_NLS_COMP", 
	"DATE_OF_BIRTH" DATE, 
	"EMAIL" VARCHAR2(100 BYTE) COLLATE "USING_NLS_COMP", 
	"MOBILE_PHONE" VARCHAR2(20 BYTE) COLLATE "USING_NLS_COMP", 
	"ACADEMIC_RANK" VARCHAR2(50 BYTE) COLLATE "USING_NLS_COMP", 
	"DEPARTMENT_ID" NUMBER
   )  DEFAULT COLLATION "USING_NLS_COMP" ;
--------------------------------------------------------
--  DDL for Table PROGRAM
--------------------------------------------------------

  CREATE TABLE "PROGRAM" 
   (	"PROGRAM_ID" NUMBER GENERATED BY DEFAULT ON NULL AS IDENTITY MINVALUE 1 MAXVALUE 9999999999999999999999999999 INCREMENT BY 1 START WITH 1 CACHE 20 NOORDER  NOCYCLE  NOKEEP  NOSCALE , 
	"PROGRAM_NAME" VARCHAR2(150 BYTE) COLLATE "USING_NLS_COMP", 
	"PROGRAM_LEVEL" VARCHAR2(50 BYTE) COLLATE "USING_NLS_COMP", 
	"DEPARTMENT_ID" NUMBER, 
	"FIELD_ID" NUMBER
   )  DEFAULT COLLATION "USING_NLS_COMP" ;
--------------------------------------------------------
--  DDL for Table RATING
--------------------------------------------------------

  CREATE TABLE "RATING" 
   (	"RATING_ID" NUMBER GENERATED BY DEFAULT ON NULL AS IDENTITY MINVALUE 1 MAXVALUE 9999999999999999999999999999 INCREMENT BY 1 START WITH 1 CACHE 20 NOORDER  NOCYCLE  NOKEEP  NOSCALE , 
	"SCORE" NUMBER, 
	"IMPORTANCE" VARCHAR2(50 BYTE) COLLATE "USING_NLS_COMP", 
	"FEEDBACK_ID" NUMBER, 
	"SKILL_ID" NUMBER
   )  DEFAULT COLLATION "USING_NLS_COMP" ;
--------------------------------------------------------
--  DDL for Table RECOMMENDATION
--------------------------------------------------------

  CREATE TABLE "RECOMMENDATION" 
   (	"RECOMMENDATION_ID" NUMBER GENERATED BY DEFAULT ON NULL AS IDENTITY MINVALUE 1 MAXVALUE 9999999999999999999999999999 INCREMENT BY 1 START WITH 1 CACHE 20 NOORDER  NOCYCLE  NOKEEP  NOSCALE , 
	"RECOMMENDATION_DATE" DATE, 
	"FILE_PATH" VARCHAR2(255 BYTE) COLLATE "USING_NLS_COMP", 
	"PROFESSOR_ID" NUMBER, 
	"GRADUATE_ID" NUMBER, 
	"COMPANY_ID" NUMBER
   )  DEFAULT COLLATION "USING_NLS_COMP" ;
--------------------------------------------------------
--  DDL for Table RELEVANCE_LEVEL
--------------------------------------------------------

  CREATE TABLE "RELEVANCE_LEVEL" 
   (	"RELEVANCE_ID" NUMBER GENERATED BY DEFAULT ON NULL AS IDENTITY MINVALUE 1 MAXVALUE 9999999999999999999999999999 INCREMENT BY 1 START WITH 1 CACHE 20 NOORDER  NOCYCLE  NOKEEP  NOSCALE , 
	"RELEVANCE_DEGREE" VARCHAR2(50 BYTE) COLLATE "USING_NLS_COMP"
   )  DEFAULT COLLATION "USING_NLS_COMP" ;
--------------------------------------------------------
--  DDL for Table SCIENTIFIC_FIELD
--------------------------------------------------------

  CREATE TABLE "SCIENTIFIC_FIELD" 
   (	"FIELD_ID" NUMBER GENERATED BY DEFAULT ON NULL AS IDENTITY MINVALUE 1 MAXVALUE 9999999999999999999999999999 INCREMENT BY 1 START WITH 1 CACHE 20 NOORDER  NOCYCLE  NOKEEP  NOSCALE , 
	"FIELD_NAME" VARCHAR2(100 BYTE) COLLATE "USING_NLS_COMP"
   )  DEFAULT COLLATION "USING_NLS_COMP" ;
--------------------------------------------------------
--  DDL for Table SKILLS
--------------------------------------------------------

  CREATE TABLE "SKILLS" 
   (	"SKILL_ID" NUMBER GENERATED BY DEFAULT ON NULL AS IDENTITY MINVALUE 1 MAXVALUE 9999999999999999999999999999 INCREMENT BY 1 START WITH 1 CACHE 20 NOORDER  NOCYCLE  NOKEEP  NOSCALE , 
	"SKILL_NAME" VARCHAR2(100 BYTE) COLLATE "USING_NLS_COMP", 
	"CATEGORY" VARCHAR2(50 BYTE) COLLATE "USING_NLS_COMP"
   )  DEFAULT COLLATION "USING_NLS_COMP" ;
--------------------------------------------------------
--  DDL for Table WORK_EXPERIENCE
--------------------------------------------------------

  CREATE TABLE "WORK_EXPERIENCE" 
   (	"WORK_ID" NUMBER GENERATED BY DEFAULT ON NULL AS IDENTITY MINVALUE 1 MAXVALUE 9999999999999999999999999999 INCREMENT BY 1 START WITH 1 CACHE 20 NOORDER  NOCYCLE  NOKEEP  NOSCALE , 
	"JOB_TITLE" VARCHAR2(100 BYTE) COLLATE "USING_NLS_COMP", 
	"START_DATE" DATE, 
	"END_DATE" DATE, 
	"WORK_TYPE" VARCHAR2(50 BYTE) COLLATE "USING_NLS_COMP", 
	"GRADUATE_ID" NUMBER, 
	"COMPANY_ID" NUMBER, 
	"CATEGORY_ID" NUMBER, 
	"JOB_LEVEL_ID" NUMBER, 
	"RELEVANCE_ID" NUMBER
   )  DEFAULT COLLATION "USING_NLS_COMP" ;
REM INSERTING into COMPANY
SET DEFINE OFF;
Insert into COMPANY (COMPANY_ID,COMPANY_NAME,BUSINESS_SECTOR,PHONE,EMAIL,ADDRESS,WEBSITE,IS_VERIFIED) values (1,'Intrasoft International','IT Services',null,'hr@intrasoft-intl.com',null,'https://www.intrasoft-intl.com','Y');
Insert into COMPANY (COMPANY_ID,COMPANY_NAME,BUSINESS_SECTOR,PHONE,EMAIL,ADDRESS,WEBSITE,IS_VERIFIED) values (2,'Example Bank','Banking',null,'hr@examplebank.com',null,'https://examplebank.com','N');
Insert into COMPANY (COMPANY_ID,COMPANY_NAME,BUSINESS_SECTOR,PHONE,EMAIL,ADDRESS,WEBSITE,IS_VERIFIED) values (3,'Deloitte Greece','Consulting',null,'careers@deloitte.gr',null,'https://www2.deloitte.com/gr','Y');
Insert into COMPANY (COMPANY_ID,COMPANY_NAME,BUSINESS_SECTOR,PHONE,EMAIL,ADDRESS,WEBSITE,IS_VERIFIED) values (4,'OTE Group','Telecommunications',null,'hr@ote.gr',null,'https://www.ote.gr','Y');
Insert into COMPANY (COMPANY_ID,COMPANY_NAME,BUSINESS_SECTOR,PHONE,EMAIL,ADDRESS,WEBSITE,IS_VERIFIED) values (5,'Microsoft Hellas','Technology',null,'careers@microsoft.com',null,'https://www.microsoft.com','Y');
REM INSERTING into DEGREE
SET DEFINE OFF;
Insert into DEGREE (DEGREE_ID,ENROLLMENT_DATE,GRADUATION_DATE,GRADE,THESIS_TITLE,THESIS_GRADE,PROGRAM_ID,GRADUATE_ID,PROFESSOR_ID) values (1,to_date('15-SEP-20','DD-MON-RR'),to_date('15-JUL-24','DD-MON-RR'),8.5,'Data Systems',null,1,1,1);
Insert into DEGREE (DEGREE_ID,ENROLLMENT_DATE,GRADUATION_DATE,GRADE,THESIS_TITLE,THESIS_GRADE,PROGRAM_ID,GRADUATE_ID,PROFESSOR_ID) values (2,to_date('15-SEP-20','DD-MON-RR'),to_date('15-JUL-24','DD-MON-RR'),7.4,'Business Analytics',null,1,2,1);
Insert into DEGREE (DEGREE_ID,ENROLLMENT_DATE,GRADUATION_DATE,GRADE,THESIS_TITLE,THESIS_GRADE,PROGRAM_ID,GRADUATE_ID,PROFESSOR_ID) values (3,to_date('01-OCT-21','DD-MON-RR'),to_date('30-SEP-23','DD-MON-RR'),9.1,'Machine Learning Pipelines',null,2,3,2);
Insert into DEGREE (DEGREE_ID,ENROLLMENT_DATE,GRADUATION_DATE,GRADE,THESIS_TITLE,THESIS_GRADE,PROGRAM_ID,GRADUATE_ID,PROFESSOR_ID) values (4,to_date('15-SEP-18','DD-MON-RR'),to_date('10-JUL-22','DD-MON-RR'),8.2,'Distributed Databases',null,1,4,1);
Insert into DEGREE (DEGREE_ID,ENROLLMENT_DATE,GRADUATION_DATE,GRADE,THESIS_TITLE,THESIS_GRADE,PROGRAM_ID,GRADUATE_ID,PROFESSOR_ID) values (5,to_date('15-SEP-17','DD-MON-RR'),to_date('05-JUL-21','DD-MON-RR'),7.9,'Web Applications',null,1,5,1);
Insert into DEGREE (DEGREE_ID,ENROLLMENT_DATE,GRADUATION_DATE,GRADE,THESIS_TITLE,THESIS_GRADE,PROGRAM_ID,GRADUATE_ID,PROFESSOR_ID) values (6,to_date('15-SEP-20','DD-MON-RR'),to_date('20-JUL-24','DD-MON-RR'),8,'Information Security Basics',null,1,6,2);
Insert into DEGREE (DEGREE_ID,ENROLLMENT_DATE,GRADUATION_DATE,GRADE,THESIS_TITLE,THESIS_GRADE,PROGRAM_ID,GRADUATE_ID,PROFESSOR_ID) values (7,to_date('15-SEP-16','DD-MON-RR'),to_date('01-JUL-20','DD-MON-RR'),8.7,'Macroeconomic Indicators',null,3,7,3);
Insert into DEGREE (DEGREE_ID,ENROLLMENT_DATE,GRADUATION_DATE,GRADE,THESIS_TITLE,THESIS_GRADE,PROGRAM_ID,GRADUATE_ID,PROFESSOR_ID) values (8,to_date('15-SEP-15','DD-MON-RR'),to_date('01-JUL-19','DD-MON-RR'),8.6,'Cloud Computing',null,1,8,1);
Insert into DEGREE (DEGREE_ID,ENROLLMENT_DATE,GRADUATION_DATE,GRADE,THESIS_TITLE,THESIS_GRADE,PROGRAM_ID,GRADUATE_ID,PROFESSOR_ID) values (100,to_date('15-SEP-20','DD-MON-RR'),to_date('30-JUN-24','DD-MON-RR'),9.2,'AI in Healthcare',null,1,100,1);
Insert into DEGREE (DEGREE_ID,ENROLLMENT_DATE,GRADUATION_DATE,GRADE,THESIS_TITLE,THESIS_GRADE,PROGRAM_ID,GRADUATE_ID,PROFESSOR_ID) values (101,to_date('15-SEP-21','DD-MON-RR'),to_date('15-NOV-23','DD-MON-RR'),7.8,'Digital Marketing Trends',null,3,101,3);
Insert into DEGREE (DEGREE_ID,ENROLLMENT_DATE,GRADUATION_DATE,GRADE,THESIS_TITLE,THESIS_GRADE,PROGRAM_ID,GRADUATE_ID,PROFESSOR_ID) values (301,to_date('15-SEP-20','DD-MON-RR'),to_date('01-JUL-24','DD-MON-RR'),8.2,'Microservices Security',null,1,301,1);
Insert into DEGREE (DEGREE_ID,ENROLLMENT_DATE,GRADUATION_DATE,GRADE,THESIS_TITLE,THESIS_GRADE,PROGRAM_ID,GRADUATE_ID,PROFESSOR_ID) values (302,to_date('15-SEP-20','DD-MON-RR'),to_date('01-JUL-24','DD-MON-RR'),8.5,'Blockchain in Supply Chain',null,1,302,1);
Insert into DEGREE (DEGREE_ID,ENROLLMENT_DATE,GRADUATION_DATE,GRADE,THESIS_TITLE,THESIS_GRADE,PROGRAM_ID,GRADUATE_ID,PROFESSOR_ID) values (303,to_date('15-SEP-20','DD-MON-RR'),to_date('01-JUL-24','DD-MON-RR'),9.1,'Deep Learning for CV',null,1,303,1);
Insert into DEGREE (DEGREE_ID,ENROLLMENT_DATE,GRADUATION_DATE,GRADE,THESIS_TITLE,THESIS_GRADE,PROGRAM_ID,GRADUATE_ID,PROFESSOR_ID) values (304,to_date('15-SEP-20','DD-MON-RR'),to_date('01-JUL-24','DD-MON-RR'),7.8,'ERP Systems Analysis',null,1,304,2);
Insert into DEGREE (DEGREE_ID,ENROLLMENT_DATE,GRADUATION_DATE,GRADE,THESIS_TITLE,THESIS_GRADE,PROGRAM_ID,GRADUATE_ID,PROFESSOR_ID) values (305,to_date('15-SEP-20','DD-MON-RR'),to_date('01-JUL-24','DD-MON-RR'),8.9,'Edge Computing optimization',null,1,305,2);
Insert into DEGREE (DEGREE_ID,ENROLLMENT_DATE,GRADUATION_DATE,GRADE,THESIS_TITLE,THESIS_GRADE,PROGRAM_ID,GRADUATE_ID,PROFESSOR_ID) values (306,to_date('15-SEP-20','DD-MON-RR'),to_date('01-JUL-24','DD-MON-RR'),9.5,'Quantum Cryptography',null,1,306,2);
Insert into DEGREE (DEGREE_ID,ENROLLMENT_DATE,GRADUATION_DATE,GRADE,THESIS_TITLE,THESIS_GRADE,PROGRAM_ID,GRADUATE_ID,PROFESSOR_ID) values (307,to_date('01-SEP-23','DD-MON-RR'),null,0,'Advanced Systems Research',null,2,306,2);
REM INSERTING into DEPARTMENT
SET DEFINE OFF;
Insert into DEPARTMENT (DEPARTMENT_ID,DEPARTMENT_NAME,SCHOOL_ID) values (1,'Τμήμα Πληροφορικής',1);
Insert into DEPARTMENT (DEPARTMENT_ID,DEPARTMENT_NAME,SCHOOL_ID) values (2,'Τμήμα Οικονομικής Επιστήμης',2);
REM INSERTING into EMPLOYMENT_CATEGORY
SET DEFINE OFF;
Insert into EMPLOYMENT_CATEGORY (CATEGORY_ID,CATEGORY_NAME) values (1,'Ιδιωτικός Τομέας');
Insert into EMPLOYMENT_CATEGORY (CATEGORY_ID,CATEGORY_NAME) values (2,'Δημόσιος Τομέας');
REM INSERTING into EXTERNAL_DEGREE
SET DEFINE OFF;
Insert into EXTERNAL_DEGREE (EX_DEGREE_ID,DEGREE_TITLE,DEGREE_LEVEL,ENROLLMENT_DATE,GRADUATION_DATE,GRADE,INSTITUTION_ID,FIELD_ID,GRADUATE_ID) values (10,'MSc In Data Analysis','Master',to_date('01-OCT-22','DD-MON-RR'),to_date('30-NOV-23','DD-MON-RR'),9.1,2,1,10);
Insert into EXTERNAL_DEGREE (EX_DEGREE_ID,DEGREE_TITLE,DEGREE_LEVEL,ENROLLMENT_DATE,GRADUATION_DATE,GRADE,INSTITUTION_ID,FIELD_ID,GRADUATE_ID) values (100,'MSc in Computer Science','Master',to_date('01-OCT-24','DD-MON-RR'),to_date('01-OCT-25','DD-MON-RR'),9.5,2,1,100);
Insert into EXTERNAL_DEGREE (EX_DEGREE_ID,DEGREE_TITLE,DEGREE_LEVEL,ENROLLMENT_DATE,GRADUATION_DATE,GRADE,INSTITUTION_ID,FIELD_ID,GRADUATE_ID) values (301,'MSc in Artificial Intelligence','Master',to_date('01-OCT-24','DD-MON-RR'),null,0,2,1,302);
REM INSERTING into EXTERNAL_INSTITUTION
SET DEFINE OFF;
Insert into EXTERNAL_INSTITUTION (INSTITUTION_ID,INSTITUTION_NAME,INSTITUTION_TYPE,COUNTRY,WEBSITE) values (1,'ΕΚΠΑ','ΑΕΙ','Greece','https://www.uoa.gr');
Insert into EXTERNAL_INSTITUTION (INSTITUTION_ID,INSTITUTION_NAME,INSTITUTION_TYPE,COUNTRY,WEBSITE) values (2,'ΕΘΝΙΚΟ ΜΕΤΣΟΒΙΟ ΠΟΛΥΤΕΧΝΕΙΟ','ΑΕΙ','Greece','https://www.ntua.gr');
REM INSERTING into FACULTY
SET DEFINE OFF;
Insert into FACULTY (SCHOOL_ID,SCHOOL_NAME) values (1,'Σχολή Πληροφορικής');
Insert into FACULTY (SCHOOL_ID,SCHOOL_NAME) values (2,'Σχολή Οικονομικών');
REM INSERTING into FEEDBACK
SET DEFINE OFF;
Insert into FEEDBACK (FEEDBACK_ID,FEEDBACK_DATE,EVALUATOR_ROLE,WORK_ID,COMPANY_ID) values (1,to_date('17-DEC-25','DD-MON-RR'),'Manager',1,1);
Insert into FEEDBACK (FEEDBACK_ID,FEEDBACK_DATE,EVALUATOR_ROLE,WORK_ID,COMPANY_ID) values (2,to_date('17-DEC-25','DD-MON-RR'),'HR',4,5);
Insert into FEEDBACK (FEEDBACK_ID,FEEDBACK_DATE,EVALUATOR_ROLE,WORK_ID,COMPANY_ID) values (10,to_date('12-JAN-26','DD-MON-RR'),'Project Manager',11,3);
Insert into FEEDBACK (FEEDBACK_ID,FEEDBACK_DATE,EVALUATOR_ROLE,WORK_ID,COMPANY_ID) values (301,to_date('13-JAN-26','DD-MON-RR'),'Team Lead',301,1);
REM INSERTING into GRADUATE
SET DEFINE OFF;
Insert into GRADUATE (GRADUATE_ID,REGISTRATION_NO,REGISTRATION_YEAR,LAST_NAME,FIRST_NAME,FATHER_NAME,ID_NO,DATE_OF_BIRTH,EMAIL,LINKEDIN_URL,MOBILE_PHONE,ADDRESS,GENDER) values (1,'MPQS25083',2024,'ΡΙΣΒΑΣ','ΣΤΑΥΡΟΣ',null,null,to_date('15-MAY-98','DD-MON-RR'),'srisvas@unipi.gr',null,null,null,null);
Insert into GRADUATE (GRADUATE_ID,REGISTRATION_NO,REGISTRATION_YEAR,LAST_NAME,FIRST_NAME,FATHER_NAME,ID_NO,DATE_OF_BIRTH,EMAIL,LINKEDIN_URL,MOBILE_PHONE,ADDRESS,GENDER) values (2,'MPQS25084',2024,'ΝΙΚΟΛΑΟΥ','ΜΑΡΙΑ',null,null,to_date('10-FEB-99','DD-MON-RR'),'mnik@unipi.gr',null,null,null,null);
Insert into GRADUATE (GRADUATE_ID,REGISTRATION_NO,REGISTRATION_YEAR,LAST_NAME,FIRST_NAME,FATHER_NAME,ID_NO,DATE_OF_BIRTH,EMAIL,LINKEDIN_URL,MOBILE_PHONE,ADDRESS,GENDER) values (3,'MPQS25085',2023,'ΠΑΠΑΔΑΚΗΣ','ΝΙΚΟΣ',null,null,to_date('20-NOV-98','DD-MON-RR'),'npapad@unipi.gr',null,null,null,null);
Insert into GRADUATE (GRADUATE_ID,REGISTRATION_NO,REGISTRATION_YEAR,LAST_NAME,FIRST_NAME,FATHER_NAME,ID_NO,DATE_OF_BIRTH,EMAIL,LINKEDIN_URL,MOBILE_PHONE,ADDRESS,GENDER) values (4,'MPQS25086',2022,'ΓΕΩΡΓΙΟΥ','ΕΛΕΝΗ',null,null,to_date('03-JUN-97','DD-MON-RR'),'egeorg@unipi.gr',null,null,null,null);
Insert into GRADUATE (GRADUATE_ID,REGISTRATION_NO,REGISTRATION_YEAR,LAST_NAME,FIRST_NAME,FATHER_NAME,ID_NO,DATE_OF_BIRTH,EMAIL,LINKEDIN_URL,MOBILE_PHONE,ADDRESS,GENDER) values (5,'MPQS25087',2021,'ΚΩΣΤΟΠΟΥΛΟΣ','ΔΗΜΗΤΡΗΣ',null,null,to_date('14-JAN-96','DD-MON-RR'),'dkosto@unipi.gr',null,null,null,null);
Insert into GRADUATE (GRADUATE_ID,REGISTRATION_NO,REGISTRATION_YEAR,LAST_NAME,FIRST_NAME,FATHER_NAME,ID_NO,DATE_OF_BIRTH,EMAIL,LINKEDIN_URL,MOBILE_PHONE,ADDRESS,GENDER) values (6,'MPQS25088',2024,'ΣΩΤΗΡΟΠΟΥΛΟΥ','ΑΝΝΑ',null,null,to_date('09-SEP-99','DD-MON-RR'),'asotir@unipi.gr',null,null,null,null);
Insert into GRADUATE (GRADUATE_ID,REGISTRATION_NO,REGISTRATION_YEAR,LAST_NAME,FIRST_NAME,FATHER_NAME,ID_NO,DATE_OF_BIRTH,EMAIL,LINKEDIN_URL,MOBILE_PHONE,ADDRESS,GENDER) values (7,'MPQS25089',2020,'ΛΑΖΑΡΙΔΗΣ','ΓΙΩΡΓΟΣ',null,null,to_date('27-APR-95','DD-MON-RR'),'glazar@unipi.gr',null,null,null,null);
Insert into GRADUATE (GRADUATE_ID,REGISTRATION_NO,REGISTRATION_YEAR,LAST_NAME,FIRST_NAME,FATHER_NAME,ID_NO,DATE_OF_BIRTH,EMAIL,LINKEDIN_URL,MOBILE_PHONE,ADDRESS,GENDER) values (8,'MPQS25090',2019,'ΜΑΥΡΟΥ','ΚΑΤΕΡΙΝΑ',null,null,to_date('02-DEC-94','DD-MON-RR'),'kmavr@unipi.gr',null,null,null,null);
Insert into GRADUATE (GRADUATE_ID,REGISTRATION_NO,REGISTRATION_YEAR,LAST_NAME,FIRST_NAME,FATHER_NAME,ID_NO,DATE_OF_BIRTH,EMAIL,LINKEDIN_URL,MOBILE_PHONE,ADDRESS,GENDER) values (999,'AM12345',2020,'ΠΑΠΑΔΟΠΟΥΛΟΣ','ΣΤΕΦΑΝΟΣ','ΑΝΤΩΝΙΟΣ','AN123456',to_date('15-MAY-98','DD-MON-RR'),'stefanos@email.com',null,null,'ΑΚΑΔΗΜΙΑΣ 50, ΑΘΗΝΑ','Α');
Insert into GRADUATE (GRADUATE_ID,REGISTRATION_NO,REGISTRATION_YEAR,LAST_NAME,FIRST_NAME,FATHER_NAME,ID_NO,DATE_OF_BIRTH,EMAIL,LINKEDIN_URL,MOBILE_PHONE,ADDRESS,GENDER) values (10,'MPQS25096',2025,'ΛΑΜΠΡΟΠΟΥΛΟΣ','ΚΩΝΣΤΑΝΤΙΝΟΣ','ΧΡΗΣΤΟΣ',null,to_date('12-APR-98','DD-MON-RR'),'k.lamprop@email.com',null,null,null,'M');
Insert into GRADUATE (GRADUATE_ID,REGISTRATION_NO,REGISTRATION_YEAR,LAST_NAME,FIRST_NAME,FATHER_NAME,ID_NO,DATE_OF_BIRTH,EMAIL,LINKEDIN_URL,MOBILE_PHONE,ADDRESS,GENDER) values (11,'MPQS25097',2025,'ΑΛΕΞΑΝΔΡΟΥ','ΣΟΦΙΑ','ΝΙΚΟΛΑΟΣ',null,to_date('25-JUL-99','DD-MON-RR'),'s.alex@email.gr',null,null,null,'F');
Insert into GRADUATE (GRADUATE_ID,REGISTRATION_NO,REGISTRATION_YEAR,LAST_NAME,FIRST_NAME,FATHER_NAME,ID_NO,DATE_OF_BIRTH,EMAIL,LINKEDIN_URL,MOBILE_PHONE,ADDRESS,GENDER) values (100,'MPQS25100',2020,'ΓΕΩΡΓΙΟΥ','ΓΕΩΡΓΙΟΣ',null,null,to_date('12-MAY-98','DD-MON-RR'),'g.geo@email.com',null,null,null,'M');
Insert into GRADUATE (GRADUATE_ID,REGISTRATION_NO,REGISTRATION_YEAR,LAST_NAME,FIRST_NAME,FATHER_NAME,ID_NO,DATE_OF_BIRTH,EMAIL,LINKEDIN_URL,MOBILE_PHONE,ADDRESS,GENDER) values (101,'MPQS25101',2021,'ΠΑΠΠΑ','ΒΑΣΙΛΙΚΗ',null,null,to_date('20-SEP-99','DD-MON-RR'),'v.pappa@email.gr',null,null,null,'F');
Insert into GRADUATE (GRADUATE_ID,REGISTRATION_NO,REGISTRATION_YEAR,LAST_NAME,FIRST_NAME,FATHER_NAME,ID_NO,DATE_OF_BIRTH,EMAIL,LINKEDIN_URL,MOBILE_PHONE,ADDRESS,GENDER) values (102,'MPQS25102',2019,'ΛΟΥΚΑΣ','ΝΙΚΟΛΑΟΣ',null,null,to_date('15-FEB-97','DD-MON-RR'),'n.loukas@email.com',null,null,null,'M');
Insert into GRADUATE (GRADUATE_ID,REGISTRATION_NO,REGISTRATION_YEAR,LAST_NAME,FIRST_NAME,FATHER_NAME,ID_NO,DATE_OF_BIRTH,EMAIL,LINKEDIN_URL,MOBILE_PHONE,ADDRESS,GENDER) values (301,'REG-301',2020,'ΑΘΑΝΑΣΙΟΥ','ΑΘΑΝΑΣΙΟΣ',null,null,to_date('12-MAY-98','DD-MON-RR'),'a.ath@email.com',null,null,null,'M');
Insert into GRADUATE (GRADUATE_ID,REGISTRATION_NO,REGISTRATION_YEAR,LAST_NAME,FIRST_NAME,FATHER_NAME,ID_NO,DATE_OF_BIRTH,EMAIL,LINKEDIN_URL,MOBILE_PHONE,ADDRESS,GENDER) values (302,'REG-302',2020,'ΒΛΑΧΟΠΟΥΛΟΣ','ΒΑΣΙΛΕΙΟΣ',null,null,to_date('20-JUN-98','DD-MON-RR'),'v.vlach@email.com',null,null,null,'M');
Insert into GRADUATE (GRADUATE_ID,REGISTRATION_NO,REGISTRATION_YEAR,LAST_NAME,FIRST_NAME,FATHER_NAME,ID_NO,DATE_OF_BIRTH,EMAIL,LINKEDIN_URL,MOBILE_PHONE,ADDRESS,GENDER) values (303,'REG-303',2020,'ΓΑΛΑΝΗ','ΓΕΩΡΓΙΑ',null,null,to_date('15-JAN-99','DD-MON-RR'),'g.gal@email.com',null,null,null,'F');
Insert into GRADUATE (GRADUATE_ID,REGISTRATION_NO,REGISTRATION_YEAR,LAST_NAME,FIRST_NAME,FATHER_NAME,ID_NO,DATE_OF_BIRTH,EMAIL,LINKEDIN_URL,MOBILE_PHONE,ADDRESS,GENDER) values (304,'REG-304',2020,'ΔΕΔΕ','ΔΕΣΠΟΙΝΑ',null,null,to_date('10-FEB-99','DD-MON-RR'),'d.dede@email.com',null,null,null,'F');
Insert into GRADUATE (GRADUATE_ID,REGISTRATION_NO,REGISTRATION_YEAR,LAST_NAME,FIRST_NAME,FATHER_NAME,ID_NO,DATE_OF_BIRTH,EMAIL,LINKEDIN_URL,MOBILE_PHONE,ADDRESS,GENDER) values (305,'REG-305',2020,'ΕΥΘΥΜΙΟΥ','ΕΥΘΥΜΙΟΣ',null,null,to_date('30-NOV-98','DD-MON-RR'),'e.efth@email.com',null,null,null,'M');
Insert into GRADUATE (GRADUATE_ID,REGISTRATION_NO,REGISTRATION_YEAR,LAST_NAME,FIRST_NAME,FATHER_NAME,ID_NO,DATE_OF_BIRTH,EMAIL,LINKEDIN_URL,MOBILE_PHONE,ADDRESS,GENDER) values (306,'REG-306',2020,'ΖΗΣΗ','ΖΩΗ',null,null,to_date('05-MAR-99','DD-MON-RR'),'z.zisi@email.com',null,null,null,'F');
Insert into GRADUATE (GRADUATE_ID,REGISTRATION_NO,REGISTRATION_YEAR,LAST_NAME,FIRST_NAME,FATHER_NAME,ID_NO,DATE_OF_BIRTH,EMAIL,LINKEDIN_URL,MOBILE_PHONE,ADDRESS,GENDER) values (307,'REG-307',2020,'ΗΛΙΑΔΗΣ','ΗΛΙΑΣ',null,null,to_date('14-JUL-98','DD-MON-RR'),'h.hli@email.com',null,null,null,'M');
Insert into GRADUATE (GRADUATE_ID,REGISTRATION_NO,REGISTRATION_YEAR,LAST_NAME,FIRST_NAME,FATHER_NAME,ID_NO,DATE_OF_BIRTH,EMAIL,LINKEDIN_URL,MOBILE_PHONE,ADDRESS,GENDER) values (308,'REG-308',2020,'ΘΕΟΔΩΡΟΥ','ΘΕΟΔΩΡΟΣ',null,null,to_date('22-AUG-98','DD-MON-RR'),'t.theo@email.com',null,null,null,'M');
Insert into GRADUATE (GRADUATE_ID,REGISTRATION_NO,REGISTRATION_YEAR,LAST_NAME,FIRST_NAME,FATHER_NAME,ID_NO,DATE_OF_BIRTH,EMAIL,LINKEDIN_URL,MOBILE_PHONE,ADDRESS,GENDER) values (309,'REG-309',2020,'ΙΩΑΝΝΙΔΟΥ','ΙΩΑΝΝΑ',null,null,to_date('18-APR-99','DD-MON-RR'),'i.ioan@email.com',null,null,null,'F');
Insert into GRADUATE (GRADUATE_ID,REGISTRATION_NO,REGISTRATION_YEAR,LAST_NAME,FIRST_NAME,FATHER_NAME,ID_NO,DATE_OF_BIRTH,EMAIL,LINKEDIN_URL,MOBILE_PHONE,ADDRESS,GENDER) values (310,'REG-310',2020,'ΚΑΣΤΡΙΤΗ','ΚΥΡΙΑΚΗ',null,null,to_date('25-MAY-99','DD-MON-RR'),'k.kast@email.com',null,null,null,'F');
REM INSERTING into JOB_LEVEL
SET DEFINE OFF;
Insert into JOB_LEVEL (JOB_LEVEL_ID,JOB_LEVEL_TITLE) values (1,'Junior');
Insert into JOB_LEVEL (JOB_LEVEL_ID,JOB_LEVEL_TITLE) values (2,'Senior');
Insert into JOB_LEVEL (JOB_LEVEL_ID,JOB_LEVEL_TITLE) values (3,'Mid');
REM INSERTING into PROFESSOR
SET DEFINE OFF;
Insert into PROFESSOR (PROFESSOR_ID,LAST_NAME,FIRST_NAME,FATHER_NAME,ID_NO,DATE_OF_BIRTH,EMAIL,MOBILE_PHONE,ACADEMIC_RANK,DEPARTMENT_ID) values (1,'Παπαδόπουλος','Ιωάννης',null,null,null,'ipap@unipi.gr',null,'Καθηγητής',1);
Insert into PROFESSOR (PROFESSOR_ID,LAST_NAME,FIRST_NAME,FATHER_NAME,ID_NO,DATE_OF_BIRTH,EMAIL,MOBILE_PHONE,ACADEMIC_RANK,DEPARTMENT_ID) values (2,'Καραγιάννης','Παναγιώτης',null,null,null,'pkara@unipi.gr',null,'Αναπληρωτής Καθηγητής',1);
Insert into PROFESSOR (PROFESSOR_ID,LAST_NAME,FIRST_NAME,FATHER_NAME,ID_NO,DATE_OF_BIRTH,EMAIL,MOBILE_PHONE,ACADEMIC_RANK,DEPARTMENT_ID) values (3,'Κωνσταντίνου','Ελένη',null,null,null,'ekons@unipi.gr',null,'Καθηγήτρια',2);
REM INSERTING into PROGRAM
SET DEFINE OFF;
Insert into PROGRAM (PROGRAM_ID,PROGRAM_NAME,PROGRAM_LEVEL,DEPARTMENT_ID,FIELD_ID) values (1,'BSc Πληροφορικής','Undergraduate',1,1);
Insert into PROGRAM (PROGRAM_ID,PROGRAM_NAME,PROGRAM_LEVEL,DEPARTMENT_ID,FIELD_ID) values (2,'MSc Data Science','Master',1,1);
Insert into PROGRAM (PROGRAM_ID,PROGRAM_NAME,PROGRAM_LEVEL,DEPARTMENT_ID,FIELD_ID) values (3,'BSc Οικονομικών','Undergraduate',2,2);
REM INSERTING into RATING
SET DEFINE OFF;
Insert into RATING (RATING_ID,SCORE,IMPORTANCE,FEEDBACK_ID,SKILL_ID) values (1,9,'Υψηλή',1,1);
Insert into RATING (RATING_ID,SCORE,IMPORTANCE,FEEDBACK_ID,SKILL_ID) values (2,8,'Μεσαία',2,2);
Insert into RATING (RATING_ID,SCORE,IMPORTANCE,FEEDBACK_ID,SKILL_ID) values (10,10,'Υψηλή',10,4);
Insert into RATING (RATING_ID,SCORE,IMPORTANCE,FEEDBACK_ID,SKILL_ID) values (301,10,'Υψηλή',301,1);
Insert into RATING (RATING_ID,SCORE,IMPORTANCE,FEEDBACK_ID,SKILL_ID) values (302,9,'Μεσαία',301,2);
REM INSERTING into RECOMMENDATION
SET DEFINE OFF;
Insert into RECOMMENDATION (RECOMMENDATION_ID,RECOMMENDATION_DATE,FILE_PATH,PROFESSOR_ID,GRADUATE_ID,COMPANY_ID) values (1,to_date('17-DEC-25','DD-MON-RR'),'/files/recommendation_mpqs25083.pdf',1,1,1);
Insert into RECOMMENDATION (RECOMMENDATION_ID,RECOMMENDATION_DATE,FILE_PATH,PROFESSOR_ID,GRADUATE_ID,COMPANY_ID) values (10,to_date('12-JAN-26','DD-MON-RR'),'/uploads/reco_alexandrou_2025.pdf',2,11,3);
REM INSERTING into RELEVANCE_LEVEL
SET DEFINE OFF;
Insert into RELEVANCE_LEVEL (RELEVANCE_ID,RELEVANCE_DEGREE) values (1,'Απόλυτη');
Insert into RELEVANCE_LEVEL (RELEVANCE_ID,RELEVANCE_DEGREE) values (2,'Μερική');
Insert into RELEVANCE_LEVEL (RELEVANCE_ID,RELEVANCE_DEGREE) values (3,'Καμία');
REM INSERTING into SCIENTIFIC_FIELD
SET DEFINE OFF;
Insert into SCIENTIFIC_FIELD (FIELD_ID,FIELD_NAME) values (1,'Πληροφορική');
Insert into SCIENTIFIC_FIELD (FIELD_ID,FIELD_NAME) values (2,'Οικονομικά');
REM INSERTING into SKILLS
SET DEFINE OFF;
Insert into SKILLS (SKILL_ID,SKILL_NAME,CATEGORY) values (1,'SQL','Hard Skills');
Insert into SKILLS (SKILL_ID,SKILL_NAME,CATEGORY) values (2,'Communication','Soft Skills');
Insert into SKILLS (SKILL_ID,SKILL_NAME,CATEGORY) values (3,'Java Spring Boot','Hard Skills');
Insert into SKILLS (SKILL_ID,SKILL_NAME,CATEGORY) values (4,'Machine Learning','Hard Skills');
REM INSERTING into WORK_EXPERIENCE
SET DEFINE OFF;
Insert into WORK_EXPERIENCE (WORK_ID,JOB_TITLE,START_DATE,END_DATE,WORK_TYPE,GRADUATE_ID,COMPANY_ID,CATEGORY_ID,JOB_LEVEL_ID,RELEVANCE_ID) values (1,'Software Engineer',to_date('01-MAR-25','DD-MON-RR'),null,'Full-time',1,1,1,1,1);
Insert into WORK_EXPERIENCE (WORK_ID,JOB_TITLE,START_DATE,END_DATE,WORK_TYPE,GRADUATE_ID,COMPANY_ID,CATEGORY_ID,JOB_LEVEL_ID,RELEVANCE_ID) values (2,'Intern',to_date('01-AUG-24','DD-MON-RR'),to_date('01-OCT-24','DD-MON-RR'),'Part-time',1,2,1,1,2);
Insert into WORK_EXPERIENCE (WORK_ID,JOB_TITLE,START_DATE,END_DATE,WORK_TYPE,GRADUATE_ID,COMPANY_ID,CATEGORY_ID,JOB_LEVEL_ID,RELEVANCE_ID) values (3,'QA Engineer',to_date('01-FEB-25','DD-MON-RR'),null,'Full-time',2,3,1,1,1);
Insert into WORK_EXPERIENCE (WORK_ID,JOB_TITLE,START_DATE,END_DATE,WORK_TYPE,GRADUATE_ID,COMPANY_ID,CATEGORY_ID,JOB_LEVEL_ID,RELEVANCE_ID) values (4,'Data Scientist',to_date('01-NOV-23','DD-MON-RR'),null,'Full-time',3,5,1,3,1);
Insert into WORK_EXPERIENCE (WORK_ID,JOB_TITLE,START_DATE,END_DATE,WORK_TYPE,GRADUATE_ID,COMPANY_ID,CATEGORY_ID,JOB_LEVEL_ID,RELEVANCE_ID) values (5,'Backend Developer',to_date('01-OCT-22','DD-MON-RR'),null,'Full-time',4,1,1,3,1);
Insert into WORK_EXPERIENCE (WORK_ID,JOB_TITLE,START_DATE,END_DATE,WORK_TYPE,GRADUATE_ID,COMPANY_ID,CATEGORY_ID,JOB_LEVEL_ID,RELEVANCE_ID) values (6,'IT Support',to_date('01-OCT-21','DD-MON-RR'),to_date('30-JUN-24','DD-MON-RR'),'Full-time',5,4,1,1,2);
Insert into WORK_EXPERIENCE (WORK_ID,JOB_TITLE,START_DATE,END_DATE,WORK_TYPE,GRADUATE_ID,COMPANY_ID,CATEGORY_ID,JOB_LEVEL_ID,RELEVANCE_ID) values (7,'Business Analyst',to_date('01-NOV-24','DD-MON-RR'),null,'Full-time',6,3,1,1,2);
Insert into WORK_EXPERIENCE (WORK_ID,JOB_TITLE,START_DATE,END_DATE,WORK_TYPE,GRADUATE_ID,COMPANY_ID,CATEGORY_ID,JOB_LEVEL_ID,RELEVANCE_ID) values (8,'Financial Analyst',to_date('15-JAN-21','DD-MON-RR'),null,'Full-time',7,2,1,3,1);
Insert into WORK_EXPERIENCE (WORK_ID,JOB_TITLE,START_DATE,END_DATE,WORK_TYPE,GRADUATE_ID,COMPANY_ID,CATEGORY_ID,JOB_LEVEL_ID,RELEVANCE_ID) values (9,'Junior Developer',to_date('01-OCT-19','DD-MON-RR'),to_date('30-JUN-20','DD-MON-RR'),'Full-time',8,1,1,1,1);
Insert into WORK_EXPERIENCE (WORK_ID,JOB_TITLE,START_DATE,END_DATE,WORK_TYPE,GRADUATE_ID,COMPANY_ID,CATEGORY_ID,JOB_LEVEL_ID,RELEVANCE_ID) values (10,'Software Engineer',to_date('01-FEB-21','DD-MON-RR'),null,'Full-time',8,4,1,3,1);
Insert into WORK_EXPERIENCE (WORK_ID,JOB_TITLE,START_DATE,END_DATE,WORK_TYPE,GRADUATE_ID,COMPANY_ID,CATEGORY_ID,JOB_LEVEL_ID,RELEVANCE_ID) values (11,'Data Scientist',to_date('15-JAN-24','DD-MON-RR'),null,'Full-time',11,3,1,1,1);
Insert into WORK_EXPERIENCE (WORK_ID,JOB_TITLE,START_DATE,END_DATE,WORK_TYPE,GRADUATE_ID,COMPANY_ID,CATEGORY_ID,JOB_LEVEL_ID,RELEVANCE_ID) values (301,'Junior Developer',to_date('01-SEP-24','DD-MON-RR'),null,'Full-time',303,1,1,1,1);
Insert into WORK_EXPERIENCE (WORK_ID,JOB_TITLE,START_DATE,END_DATE,WORK_TYPE,GRADUATE_ID,COMPANY_ID,CATEGORY_ID,JOB_LEVEL_ID,RELEVANCE_ID) values (302,'Cloud Associate',to_date('15-SEP-24','DD-MON-RR'),null,'Full-time',305,2,1,1,1);
--------------------------------------------------------
--  DDL for Index GRADUATE_UK1
--------------------------------------------------------

  CREATE UNIQUE INDEX "GRADUATE_UK1" ON "GRADUATE" ("MOBILE_PHONE") 
  ;
--------------------------------------------------------
--  DDL for Index IDX_COMP_SECTOR
--------------------------------------------------------

  CREATE INDEX "IDX_COMP_SECTOR" ON "COMPANY" ("BUSINESS_SECTOR") 
  ;
--------------------------------------------------------
--  DDL for Index IDX_DEGREE_DATES
--------------------------------------------------------

  CREATE INDEX "IDX_DEGREE_DATES" ON "DEGREE" ("ENROLLMENT_DATE", "GRADUATION_DATE") 
  ;
--------------------------------------------------------
--  DDL for Index IDX_FK_DEGREE_GRAD
--------------------------------------------------------

  CREATE INDEX "IDX_FK_DEGREE_GRAD" ON "DEGREE" ("GRADUATE_ID") 
  ;
--------------------------------------------------------
--  DDL for Index IDX_FK_DEGREE_PROG
--------------------------------------------------------

  CREATE INDEX "IDX_FK_DEGREE_PROG" ON "DEGREE" ("PROGRAM_ID") 
  ;
--------------------------------------------------------
--  DDL for Index IDX_FK_EXT_DEG_GRAD
--------------------------------------------------------

  CREATE INDEX "IDX_FK_EXT_DEG_GRAD" ON "EXTERNAL_DEGREE" ("GRADUATE_ID") 
  ;
--------------------------------------------------------
--  DDL for Index IDX_FK_PROG_DEPT
--------------------------------------------------------

  CREATE INDEX "IDX_FK_PROG_DEPT" ON "PROGRAM" ("DEPARTMENT_ID") 
  ;
--------------------------------------------------------
--  DDL for Index IDX_FK_RAT_SKILL
--------------------------------------------------------

  CREATE INDEX "IDX_FK_RAT_SKILL" ON "RATING" ("SKILL_ID") 
  ;
--------------------------------------------------------
--  DDL for Index IDX_FK_WORK_COMP
--------------------------------------------------------

  CREATE INDEX "IDX_FK_WORK_COMP" ON "WORK_EXPERIENCE" ("COMPANY_ID") 
  ;
--------------------------------------------------------
--  DDL for Index IDX_FK_WORK_GRAD
--------------------------------------------------------

  CREATE INDEX "IDX_FK_WORK_GRAD" ON "WORK_EXPERIENCE" ("GRADUATE_ID") 
  ;
--------------------------------------------------------
--  DDL for Index IDX_GRAD_NAME
--------------------------------------------------------

  CREATE INDEX "IDX_GRAD_NAME" ON "GRADUATE" ("LAST_NAME", "FIRST_NAME") 
  ;
--------------------------------------------------------
--  DDL for Index IDX_GRAD_REG_YEAR
--------------------------------------------------------

  CREATE INDEX "IDX_GRAD_REG_YEAR" ON "GRADUATE" ("REGISTRATION_YEAR") 
  ;
--------------------------------------------------------
--  DDL for Index IDX_WORK_DATES
--------------------------------------------------------

  CREATE INDEX "IDX_WORK_DATES" ON "WORK_EXPERIENCE" ("START_DATE", "END_DATE") 
  ;
--------------------------------------------------------
--  DDL for Index UNQ_COMP_NAME
--------------------------------------------------------

  CREATE UNIQUE INDEX "UNQ_COMP_NAME" ON "COMPANY" ("COMPANY_NAME") 
  ;
--------------------------------------------------------
--  DDL for Index UNQ_COMP_WEBSITE
--------------------------------------------------------

  CREATE UNIQUE INDEX "UNQ_COMP_WEBSITE" ON "COMPANY" ("WEBSITE") 
  ;
--------------------------------------------------------
--  DDL for Index UQ_CAT_NAME
--------------------------------------------------------

  CREATE UNIQUE INDEX "UQ_CAT_NAME" ON "EMPLOYMENT_CATEGORY" ("CATEGORY_NAME") 
  ;
--------------------------------------------------------
--  DDL for Index UQ_COMP_EMAIL
--------------------------------------------------------

  CREATE UNIQUE INDEX "UQ_COMP_EMAIL" ON "COMPANY" ("EMAIL") 
  ;
--------------------------------------------------------
--  DDL for Index UQ_DEP_NAME
--------------------------------------------------------

  CREATE UNIQUE INDEX "UQ_DEP_NAME" ON "DEPARTMENT" ("DEPARTMENT_NAME") 
  ;
--------------------------------------------------------
--  DDL for Index UQ_GRADUATE_ID_NO
--------------------------------------------------------

  CREATE UNIQUE INDEX "UQ_GRADUATE_ID_NO" ON "GRADUATE" ("ID_NO") 
  ;
--------------------------------------------------------
--  DDL for Index UQ_GRADUATE_LINKDN
--------------------------------------------------------

  CREATE UNIQUE INDEX "UQ_GRADUATE_LINKDN" ON "GRADUATE" ("LINKEDIN_URL") 
  ;
--------------------------------------------------------
--  DDL for Index UQ_GRADUATE_MAIL
--------------------------------------------------------

  CREATE UNIQUE INDEX "UQ_GRADUATE_MAIL" ON "GRADUATE" ("EMAIL") 
  ;
--------------------------------------------------------
--  DDL for Index UQ_GRADUATE_REGISTRATION_NO
--------------------------------------------------------

  CREATE UNIQUE INDEX "UQ_GRADUATE_REGISTRATION_NO" ON "GRADUATE" ("REGISTRATION_NO") 
  ;
--------------------------------------------------------
--  DDL for Index UQ_INST_NAME
--------------------------------------------------------

  CREATE UNIQUE INDEX "UQ_INST_NAME" ON "EXTERNAL_INSTITUTION" ("INSTITUTION_NAME") 
  ;
--------------------------------------------------------
--  DDL for Index UQ_JOB_LEVEL_TITLE
--------------------------------------------------------

  CREATE UNIQUE INDEX "UQ_JOB_LEVEL_TITLE" ON "JOB_LEVEL" ("JOB_LEVEL_TITLE") 
  ;
--------------------------------------------------------
--  DDL for Index UQ_PROFESSOR_ID_NO
--------------------------------------------------------

  CREATE UNIQUE INDEX "UQ_PROFESSOR_ID_NO" ON "PROFESSOR" ("ID_NO") 
  ;
--------------------------------------------------------
--  DDL for Index UQ_PROFESSOR_MAIL
--------------------------------------------------------

  CREATE UNIQUE INDEX "UQ_PROFESSOR_MAIL" ON "PROFESSOR" ("EMAIL") 
  ;
--------------------------------------------------------
--  DDL for Index UQ_PROFESSOR_MOBILE
--------------------------------------------------------

  CREATE UNIQUE INDEX "UQ_PROFESSOR_MOBILE" ON "PROFESSOR" ("MOBILE_PHONE") 
  ;
--------------------------------------------------------
--  DDL for Index UQ_PROGRAM_NAME
--------------------------------------------------------

  CREATE UNIQUE INDEX "UQ_PROGRAM_NAME" ON "PROGRAM" ("PROGRAM_NAME") 
  ;
--------------------------------------------------------
--  DDL for Index UQ_RECOM_PATH
--------------------------------------------------------

  CREATE UNIQUE INDEX "UQ_RECOM_PATH" ON "RECOMMENDATION" ("FILE_PATH") 
  ;
--------------------------------------------------------
--  DDL for Index UQ_RELEVANCE_DEGREE
--------------------------------------------------------

  CREATE UNIQUE INDEX "UQ_RELEVANCE_DEGREE" ON "RELEVANCE_LEVEL" ("RELEVANCE_DEGREE") 
  ;
--------------------------------------------------------
--  DDL for Index UQ_SCH_NAME
--------------------------------------------------------

  CREATE UNIQUE INDEX "UQ_SCH_NAME" ON "FACULTY" ("SCHOOL_NAME") 
  ;
--------------------------------------------------------
--  DDL for Index UQ_SCIENTIFIC_F_NAME
--------------------------------------------------------

  CREATE UNIQUE INDEX "UQ_SCIENTIFIC_F_NAME" ON "SCIENTIFIC_FIELD" ("FIELD_NAME") 
  ;
--------------------------------------------------------
--  DDL for Index UQ_SKILLS_NAME
--------------------------------------------------------

  CREATE UNIQUE INDEX "UQ_SKILLS_NAME" ON "SKILLS" ("SKILL_NAME") 
  ;
--------------------------------------------------------
--  DDL for Index SYS_C0031804
--------------------------------------------------------

  CREATE UNIQUE INDEX "SYS_C0031804" ON "COMPANY" ("COMPANY_ID") 
  ;
--------------------------------------------------------
--  DDL for Index UNQ_COMP_NAME
--------------------------------------------------------

  CREATE UNIQUE INDEX "UNQ_COMP_NAME" ON "COMPANY" ("COMPANY_NAME") 
  ;
--------------------------------------------------------
--  DDL for Index UNQ_COMP_WEBSITE
--------------------------------------------------------

  CREATE UNIQUE INDEX "UNQ_COMP_WEBSITE" ON "COMPANY" ("WEBSITE") 
  ;
--------------------------------------------------------
--  DDL for Index UQ_COMP_EMAIL
--------------------------------------------------------

  CREATE UNIQUE INDEX "UQ_COMP_EMAIL" ON "COMPANY" ("EMAIL") 
  ;
--------------------------------------------------------
--  DDL for Index IDX_COMP_SECTOR
--------------------------------------------------------

  CREATE INDEX "IDX_COMP_SECTOR" ON "COMPANY" ("BUSINESS_SECTOR") 
  ;
--------------------------------------------------------
--  DDL for Index SYS_C0031791
--------------------------------------------------------

  CREATE UNIQUE INDEX "SYS_C0031791" ON "DEGREE" ("DEGREE_ID") 
  ;
--------------------------------------------------------
--  DDL for Index IDX_DEGREE_DATES
--------------------------------------------------------

  CREATE INDEX "IDX_DEGREE_DATES" ON "DEGREE" ("ENROLLMENT_DATE", "GRADUATION_DATE") 
  ;
--------------------------------------------------------
--  DDL for Index IDX_FK_DEGREE_GRAD
--------------------------------------------------------

  CREATE INDEX "IDX_FK_DEGREE_GRAD" ON "DEGREE" ("GRADUATE_ID") 
  ;
--------------------------------------------------------
--  DDL for Index IDX_FK_DEGREE_PROG
--------------------------------------------------------

  CREATE INDEX "IDX_FK_DEGREE_PROG" ON "DEGREE" ("PROGRAM_ID") 
  ;
--------------------------------------------------------
--  DDL for Index UQ_DEP_NAME
--------------------------------------------------------

  CREATE UNIQUE INDEX "UQ_DEP_NAME" ON "DEPARTMENT" ("DEPARTMENT_NAME") 
  ;
--------------------------------------------------------
--  DDL for Index SYS_C0031745
--------------------------------------------------------

  CREATE UNIQUE INDEX "SYS_C0031745" ON "DEPARTMENT" ("DEPARTMENT_ID") 
  ;
--------------------------------------------------------
--  DDL for Index UQ_CAT_NAME
--------------------------------------------------------

  CREATE UNIQUE INDEX "UQ_CAT_NAME" ON "EMPLOYMENT_CATEGORY" ("CATEGORY_NAME") 
  ;
--------------------------------------------------------
--  DDL for Index SYS_C0031766
--------------------------------------------------------

  CREATE UNIQUE INDEX "SYS_C0031766" ON "EMPLOYMENT_CATEGORY" ("CATEGORY_ID") 
  ;
--------------------------------------------------------
--  DDL for Index SYS_C0031778
--------------------------------------------------------

  CREATE UNIQUE INDEX "SYS_C0031778" ON "EXTERNAL_DEGREE" ("EX_DEGREE_ID") 
  ;
--------------------------------------------------------
--  DDL for Index IDX_FK_EXT_DEG_GRAD
--------------------------------------------------------

  CREATE INDEX "IDX_FK_EXT_DEG_GRAD" ON "EXTERNAL_DEGREE" ("GRADUATE_ID") 
  ;
--------------------------------------------------------
--  DDL for Index UQ_INST_NAME
--------------------------------------------------------

  CREATE UNIQUE INDEX "UQ_INST_NAME" ON "EXTERNAL_INSTITUTION" ("INSTITUTION_NAME") 
  ;
--------------------------------------------------------
--  DDL for Index SYS_C0031790
--------------------------------------------------------

  CREATE UNIQUE INDEX "SYS_C0031790" ON "EXTERNAL_INSTITUTION" ("INSTITUTION_ID") 
  ;
--------------------------------------------------------
--  DDL for Index UQ_SCH_NAME
--------------------------------------------------------

  CREATE UNIQUE INDEX "UQ_SCH_NAME" ON "FACULTY" ("SCHOOL_NAME") 
  ;
--------------------------------------------------------
--  DDL for Index SYS_C0031775
--------------------------------------------------------

  CREATE UNIQUE INDEX "SYS_C0031775" ON "FACULTY" ("SCHOOL_ID") 
  ;
--------------------------------------------------------
--  DDL for Index SYS_C0031747
--------------------------------------------------------

  CREATE UNIQUE INDEX "SYS_C0031747" ON "FEEDBACK" ("FEEDBACK_ID") 
  ;
--------------------------------------------------------
--  DDL for Index SYS_C0031798
--------------------------------------------------------

  CREATE UNIQUE INDEX "SYS_C0031798" ON "GRADUATE" ("GRADUATE_ID") 
  ;
--------------------------------------------------------
--  DDL for Index IDX_GRAD_REG_YEAR
--------------------------------------------------------

  CREATE INDEX "IDX_GRAD_REG_YEAR" ON "GRADUATE" ("REGISTRATION_YEAR") 
  ;
--------------------------------------------------------
--  DDL for Index UQ_GRADUATE_ID_NO
--------------------------------------------------------

  CREATE UNIQUE INDEX "UQ_GRADUATE_ID_NO" ON "GRADUATE" ("ID_NO") 
  ;
--------------------------------------------------------
--  DDL for Index UQ_GRADUATE_LINKDN
--------------------------------------------------------

  CREATE UNIQUE INDEX "UQ_GRADUATE_LINKDN" ON "GRADUATE" ("LINKEDIN_URL") 
  ;
--------------------------------------------------------
--  DDL for Index UQ_GRADUATE_MAIL
--------------------------------------------------------

  CREATE UNIQUE INDEX "UQ_GRADUATE_MAIL" ON "GRADUATE" ("EMAIL") 
  ;
--------------------------------------------------------
--  DDL for Index UQ_GRADUATE_REGISTRATION_NO
--------------------------------------------------------

  CREATE UNIQUE INDEX "UQ_GRADUATE_REGISTRATION_NO" ON "GRADUATE" ("REGISTRATION_NO") 
  ;
--------------------------------------------------------
--  DDL for Index GRADUATE_UK1
--------------------------------------------------------

  CREATE UNIQUE INDEX "GRADUATE_UK1" ON "GRADUATE" ("MOBILE_PHONE") 
  ;
--------------------------------------------------------
--  DDL for Index IDX_GRAD_NAME
--------------------------------------------------------

  CREATE INDEX "IDX_GRAD_NAME" ON "GRADUATE" ("LAST_NAME", "FIRST_NAME") 
  ;
--------------------------------------------------------
--  DDL for Index UQ_JOB_LEVEL_TITLE
--------------------------------------------------------

  CREATE UNIQUE INDEX "UQ_JOB_LEVEL_TITLE" ON "JOB_LEVEL" ("JOB_LEVEL_TITLE") 
  ;
--------------------------------------------------------
--  DDL for Index SYS_C0031760
--------------------------------------------------------

  CREATE UNIQUE INDEX "SYS_C0031760" ON "JOB_LEVEL" ("JOB_LEVEL_ID") 
  ;
--------------------------------------------------------
--  DDL for Index SYS_C0031784
--------------------------------------------------------

  CREATE UNIQUE INDEX "SYS_C0031784" ON "PROFESSOR" ("PROFESSOR_ID") 
  ;
--------------------------------------------------------
--  DDL for Index UQ_PROFESSOR_ID_NO
--------------------------------------------------------

  CREATE UNIQUE INDEX "UQ_PROFESSOR_ID_NO" ON "PROFESSOR" ("ID_NO") 
  ;
--------------------------------------------------------
--  DDL for Index UQ_PROFESSOR_MAIL
--------------------------------------------------------

  CREATE UNIQUE INDEX "UQ_PROFESSOR_MAIL" ON "PROFESSOR" ("EMAIL") 
  ;
--------------------------------------------------------
--  DDL for Index UQ_PROFESSOR_MOBILE
--------------------------------------------------------

  CREATE UNIQUE INDEX "UQ_PROFESSOR_MOBILE" ON "PROFESSOR" ("MOBILE_PHONE") 
  ;
--------------------------------------------------------
--  DDL for Index SYS_C0031751
--------------------------------------------------------

  CREATE UNIQUE INDEX "SYS_C0031751" ON "PROGRAM" ("PROGRAM_ID") 
  ;
--------------------------------------------------------
--  DDL for Index IDX_FK_PROG_DEPT
--------------------------------------------------------

  CREATE INDEX "IDX_FK_PROG_DEPT" ON "PROGRAM" ("DEPARTMENT_ID") 
  ;
--------------------------------------------------------
--  DDL for Index UQ_PROGRAM_NAME
--------------------------------------------------------

  CREATE UNIQUE INDEX "UQ_PROGRAM_NAME" ON "PROGRAM" ("PROGRAM_NAME") 
  ;
--------------------------------------------------------
--  DDL for Index SYS_C0031756
--------------------------------------------------------

  CREATE UNIQUE INDEX "SYS_C0031756" ON "RATING" ("RATING_ID") 
  ;
--------------------------------------------------------
--  DDL for Index IDX_FK_RAT_SKILL
--------------------------------------------------------

  CREATE INDEX "IDX_FK_RAT_SKILL" ON "RATING" ("SKILL_ID") 
  ;
--------------------------------------------------------
--  DDL for Index SYS_C0031761
--------------------------------------------------------

  CREATE UNIQUE INDEX "SYS_C0031761" ON "RECOMMENDATION" ("RECOMMENDATION_ID", "FILE_PATH") 
  ;
--------------------------------------------------------
--  DDL for Index UQ_RECOM_PATH
--------------------------------------------------------

  CREATE UNIQUE INDEX "UQ_RECOM_PATH" ON "RECOMMENDATION" ("FILE_PATH") 
  ;
--------------------------------------------------------
--  DDL for Index UQ_RELEVANCE_DEGREE
--------------------------------------------------------

  CREATE UNIQUE INDEX "UQ_RELEVANCE_DEGREE" ON "RELEVANCE_LEVEL" ("RELEVANCE_DEGREE") 
  ;
--------------------------------------------------------
--  DDL for Index SYS_C0031788
--------------------------------------------------------

  CREATE UNIQUE INDEX "SYS_C0031788" ON "RELEVANCE_LEVEL" ("RELEVANCE_ID") 
  ;
--------------------------------------------------------
--  DDL for Index UQ_SCIENTIFIC_F_NAME
--------------------------------------------------------

  CREATE UNIQUE INDEX "UQ_SCIENTIFIC_F_NAME" ON "SCIENTIFIC_FIELD" ("FIELD_NAME") 
  ;
--------------------------------------------------------
--  DDL for Index SYS_C0031806
--------------------------------------------------------

  CREATE UNIQUE INDEX "SYS_C0031806" ON "SCIENTIFIC_FIELD" ("FIELD_ID") 
  ;
--------------------------------------------------------
--  DDL for Index UQ_SKILLS_NAME
--------------------------------------------------------

  CREATE UNIQUE INDEX "UQ_SKILLS_NAME" ON "SKILLS" ("SKILL_NAME") 
  ;
--------------------------------------------------------
--  DDL for Index SYS_C0031777
--------------------------------------------------------

  CREATE UNIQUE INDEX "SYS_C0031777" ON "SKILLS" ("SKILL_ID") 
  ;
--------------------------------------------------------
--  DDL for Index SYS_C0031768
--------------------------------------------------------

  CREATE UNIQUE INDEX "SYS_C0031768" ON "WORK_EXPERIENCE" ("WORK_ID") 
  ;
--------------------------------------------------------
--  DDL for Index IDX_FK_WORK_COMP
--------------------------------------------------------

  CREATE INDEX "IDX_FK_WORK_COMP" ON "WORK_EXPERIENCE" ("COMPANY_ID") 
  ;
--------------------------------------------------------
--  DDL for Index IDX_FK_WORK_GRAD
--------------------------------------------------------

  CREATE INDEX "IDX_FK_WORK_GRAD" ON "WORK_EXPERIENCE" ("GRADUATE_ID") 
  ;
--------------------------------------------------------
--  DDL for Index IDX_WORK_DATES
--------------------------------------------------------

  CREATE INDEX "IDX_WORK_DATES" ON "WORK_EXPERIENCE" ("START_DATE", "END_DATE") 
  ;
--------------------------------------------------------
--  DDL for Trigger TRG_DEGREE_LOGIC_VAL
--------------------------------------------------------

  CREATE OR REPLACE EDITIONABLE TRIGGER "TRG_DEGREE_LOGIC_VAL" 
BEFORE INSERT OR UPDATE ON DEGREE
FOR EACH ROW
BEGIN
    IF :NEW.GRADUATION_DATE > SYSDATE THEN
        RAISE_APPLICATION_ERROR(-20006, 'Το πτυχίο δεν μπορεί να έχει μελλοντική ημερομηνία.');
    END IF;

    IF :NEW.ENROLLMENT_DATE IS NOT NULL AND :NEW.GRADUATION_DATE < :NEW.ENROLLMENT_DATE THEN
        RAISE_APPLICATION_ERROR(-20104, 'Η αποφοίτηση δεν μπορεί να είναι πριν από την εγγραφή.');
    END IF;

    IF :NEW.GRADE IS NOT NULL AND (:NEW.GRADE < 0 OR :NEW.GRADE > 10) THEN
        RAISE_APPLICATION_ERROR(-20105, 'Ο βαθμός πρέπει να είναι μεταξύ 0 και 10.');
    END IF;
END;


/
ALTER TRIGGER "TRG_DEGREE_LOGIC_VAL" ENABLE;
--------------------------------------------------------
--  DDL for Trigger TRG_EXT_DEGREE_PAST
--------------------------------------------------------

  CREATE OR REPLACE EDITIONABLE TRIGGER "TRG_EXT_DEGREE_PAST" 
BEFORE INSERT OR UPDATE ON EXTERNAL_DEGREE
FOR EACH ROW
BEGIN
    IF :NEW.GRADUATION_DATE > SYSDATE THEN
        RAISE_APPLICATION_ERROR(-20007, 'Το εξωτερικό πτυχίο δεν μπορεί να έχει μελλοντική ημερομηνία.');
    END IF;
END;


/
ALTER TRIGGER "TRG_EXT_DEGREE_PAST" ENABLE;
--------------------------------------------------------
--  DDL for Trigger TRG_FEEDBACK_COMPANY_MATCH
--------------------------------------------------------

  CREATE OR REPLACE EDITIONABLE TRIGGER "TRG_FEEDBACK_COMPANY_MATCH" 
BEFORE INSERT OR UPDATE ON FEEDBACK
FOR EACH ROW
DECLARE
    v_comp_id NUMBER;
BEGIN
    SELECT COMPANY_ID INTO v_comp_id FROM WORK_EXPERIENCE WHERE WORK_ID = :NEW.WORK_ID;
    IF :NEW.COMPANY_ID <> v_comp_id THEN
        RAISE_APPLICATION_ERROR(-20103, 'Η αξιολόγηση πρέπει να αφορά την ίδια εταιρεία με την εργασία.');
    END IF;
END;


/
ALTER TRIGGER "TRG_FEEDBACK_COMPANY_MATCH" ENABLE;
--------------------------------------------------------
--  DDL for Trigger TRG_GRADUATE_VAL_NORM
--------------------------------------------------------

  CREATE OR REPLACE EDITIONABLE TRIGGER "TRG_GRADUATE_VAL_NORM" 
BEFORE INSERT OR UPDATE ON GRADUATE
FOR EACH ROW
BEGIN
    :NEW.FIRST_NAME  := TRANSLATE(UPPER(TRIM(:NEW.FIRST_NAME)), 'ΆΈΉΊΌΎΏ', 'ΑΕΗΙΟΥΩ');
    :NEW.LAST_NAME   := TRANSLATE(UPPER(TRIM(:NEW.LAST_NAME)),  'ΆΈΉΊΌΎΏ', 'ΑΕΗΙΟΥΩ');
    :NEW.FATHER_NAME := TRANSLATE(UPPER(TRIM(:NEW.FATHER_NAME)), 'ΆΈΉΊΌΎΏ', 'ΑΕΗΙΟΥΩ');
    :NEW.ADDRESS     := TRANSLATE(UPPER(TRIM(:NEW.ADDRESS)),     'ΆΈΉΊΌΎΏ', 'ΑΕΗΙΟΥΩ');
    :NEW.EMAIL       := LOWER(TRIM(:NEW.EMAIL));

    IF :NEW.DATE_OF_BIRTH >= SYSDATE THEN
        RAISE_APPLICATION_ERROR(-20005, 'Η ημερομηνία γέννησης δεν μπορεί να είναι μελλοντική.');
    END IF;
END;


/
ALTER TRIGGER "TRG_GRADUATE_VAL_NORM" ENABLE;
--------------------------------------------------------
--  DDL for Trigger TRG_ONE_ACTIVE_JOB
--------------------------------------------------------

  CREATE OR REPLACE EDITIONABLE TRIGGER "TRG_ONE_ACTIVE_JOB" 
FOR INSERT OR UPDATE ON work_experience
COMPOUND TRIGGER
    TYPE t_grad_ids IS TABLE OF NUMBER INDEX BY PLS_INTEGER;
    v_grads t_grad_ids;

    BEFORE EACH ROW IS
    BEGIN
        IF :NEW.end_date IS NULL THEN
            v_grads(v_grads.COUNT + 1) := :NEW.graduate_id;
        END IF;
    END BEFORE EACH ROW;

    AFTER STATEMENT IS
        v_count NUMBER;
    BEGIN
        FOR i IN 1 .. v_grads.COUNT LOOP
            SELECT COUNT(*) INTO v_count
            FROM work_experience
            WHERE graduate_id = v_grads(i)
              AND end_date IS NULL;

            IF v_count > 1 THEN
                RAISE_APPLICATION_ERROR(-20102, 'Σφάλμα: Ο απόφοιτος έχει ήδη ενεργή εργασία. Δεν επιτρέπεται δεύτερη παράλληλη απασχόληση.');
            END IF;
        END LOOP;
    END AFTER STATEMENT;
END trg_one_active_job;

/
ALTER TRIGGER "TRG_ONE_ACTIVE_JOB" ENABLE;
--------------------------------------------------------
--  DDL for Trigger TRG_WORK_EXPERIENCE_CHK
--------------------------------------------------------

  CREATE OR REPLACE EDITIONABLE TRIGGER "TRG_WORK_EXPERIENCE_CHK" 
BEFORE INSERT OR UPDATE ON WORK_EXPERIENCE
FOR EACH ROW
BEGIN
    IF :NEW.START_DATE > SYSDATE THEN
        RAISE_APPLICATION_ERROR(-20009, 'Η έναρξη εργασίας δεν μπορεί να είναι μελλοντική.');
    END IF;

    IF :NEW.END_DATE IS NOT NULL AND :NEW.END_DATE < :NEW.START_DATE THEN
        RAISE_APPLICATION_ERROR(-20101, 'Η λήξη εργασίας δεν μπορεί να είναι πριν από την έναρξη.');
    END IF;
END;


/
ALTER TRIGGER "TRG_WORK_EXPERIENCE_CHK" ENABLE;
--------------------------------------------------------
--  DDL for Trigger TRG_DEGREE_LOGIC_VAL
--------------------------------------------------------

  CREATE OR REPLACE EDITIONABLE TRIGGER "TRG_DEGREE_LOGIC_VAL" 
BEFORE INSERT OR UPDATE ON DEGREE
FOR EACH ROW
BEGIN
    IF :NEW.GRADUATION_DATE > SYSDATE THEN
        RAISE_APPLICATION_ERROR(-20006, 'Το πτυχίο δεν μπορεί να έχει μελλοντική ημερομηνία.');
    END IF;

    IF :NEW.ENROLLMENT_DATE IS NOT NULL AND :NEW.GRADUATION_DATE < :NEW.ENROLLMENT_DATE THEN
        RAISE_APPLICATION_ERROR(-20104, 'Η αποφοίτηση δεν μπορεί να είναι πριν από την εγγραφή.');
    END IF;

    IF :NEW.GRADE IS NOT NULL AND (:NEW.GRADE < 0 OR :NEW.GRADE > 10) THEN
        RAISE_APPLICATION_ERROR(-20105, 'Ο βαθμός πρέπει να είναι μεταξύ 0 και 10.');
    END IF;
END;


/
ALTER TRIGGER "TRG_DEGREE_LOGIC_VAL" ENABLE;
--------------------------------------------------------
--  DDL for Trigger TRG_EXT_DEGREE_PAST
--------------------------------------------------------

  CREATE OR REPLACE EDITIONABLE TRIGGER "TRG_EXT_DEGREE_PAST" 
BEFORE INSERT OR UPDATE ON EXTERNAL_DEGREE
FOR EACH ROW
BEGIN
    IF :NEW.GRADUATION_DATE > SYSDATE THEN
        RAISE_APPLICATION_ERROR(-20007, 'Το εξωτερικό πτυχίο δεν μπορεί να έχει μελλοντική ημερομηνία.');
    END IF;
END;


/
ALTER TRIGGER "TRG_EXT_DEGREE_PAST" ENABLE;
--------------------------------------------------------
--  DDL for Trigger TRG_FEEDBACK_COMPANY_MATCH
--------------------------------------------------------

  CREATE OR REPLACE EDITIONABLE TRIGGER "TRG_FEEDBACK_COMPANY_MATCH" 
BEFORE INSERT OR UPDATE ON FEEDBACK
FOR EACH ROW
DECLARE
    v_comp_id NUMBER;
BEGIN
    SELECT COMPANY_ID INTO v_comp_id FROM WORK_EXPERIENCE WHERE WORK_ID = :NEW.WORK_ID;
    IF :NEW.COMPANY_ID <> v_comp_id THEN
        RAISE_APPLICATION_ERROR(-20103, 'Η αξιολόγηση πρέπει να αφορά την ίδια εταιρεία με την εργασία.');
    END IF;
END;


/
ALTER TRIGGER "TRG_FEEDBACK_COMPANY_MATCH" ENABLE;
--------------------------------------------------------
--  DDL for Trigger TRG_GRADUATE_VAL_NORM
--------------------------------------------------------

  CREATE OR REPLACE EDITIONABLE TRIGGER "TRG_GRADUATE_VAL_NORM" 
BEFORE INSERT OR UPDATE ON GRADUATE
FOR EACH ROW
BEGIN
    :NEW.FIRST_NAME  := TRANSLATE(UPPER(TRIM(:NEW.FIRST_NAME)), 'ΆΈΉΊΌΎΏ', 'ΑΕΗΙΟΥΩ');
    :NEW.LAST_NAME   := TRANSLATE(UPPER(TRIM(:NEW.LAST_NAME)),  'ΆΈΉΊΌΎΏ', 'ΑΕΗΙΟΥΩ');
    :NEW.FATHER_NAME := TRANSLATE(UPPER(TRIM(:NEW.FATHER_NAME)), 'ΆΈΉΊΌΎΏ', 'ΑΕΗΙΟΥΩ');
    :NEW.ADDRESS     := TRANSLATE(UPPER(TRIM(:NEW.ADDRESS)),     'ΆΈΉΊΌΎΏ', 'ΑΕΗΙΟΥΩ');
    :NEW.EMAIL       := LOWER(TRIM(:NEW.EMAIL));

    IF :NEW.DATE_OF_BIRTH >= SYSDATE THEN
        RAISE_APPLICATION_ERROR(-20005, 'Η ημερομηνία γέννησης δεν μπορεί να είναι μελλοντική.');
    END IF;
END;


/
ALTER TRIGGER "TRG_GRADUATE_VAL_NORM" ENABLE;
--------------------------------------------------------
--  DDL for Trigger TRG_WORK_EXPERIENCE_CHK
--------------------------------------------------------

  CREATE OR REPLACE EDITIONABLE TRIGGER "TRG_WORK_EXPERIENCE_CHK" 
BEFORE INSERT OR UPDATE ON WORK_EXPERIENCE
FOR EACH ROW
BEGIN
    IF :NEW.START_DATE > SYSDATE THEN
        RAISE_APPLICATION_ERROR(-20009, 'Η έναρξη εργασίας δεν μπορεί να είναι μελλοντική.');
    END IF;

    IF :NEW.END_DATE IS NOT NULL AND :NEW.END_DATE < :NEW.START_DATE THEN
        RAISE_APPLICATION_ERROR(-20101, 'Η λήξη εργασίας δεν μπορεί να είναι πριν από την έναρξη.');
    END IF;
END;


/
ALTER TRIGGER "TRG_WORK_EXPERIENCE_CHK" ENABLE;
--------------------------------------------------------
--  DDL for Trigger TRG_ONE_ACTIVE_JOB
--------------------------------------------------------

  CREATE OR REPLACE EDITIONABLE TRIGGER "TRG_ONE_ACTIVE_JOB" 
FOR INSERT OR UPDATE ON work_experience
COMPOUND TRIGGER
    TYPE t_grad_ids IS TABLE OF NUMBER INDEX BY PLS_INTEGER;
    v_grads t_grad_ids;

    BEFORE EACH ROW IS
    BEGIN
        IF :NEW.end_date IS NULL THEN
            v_grads(v_grads.COUNT + 1) := :NEW.graduate_id;
        END IF;
    END BEFORE EACH ROW;

    AFTER STATEMENT IS
        v_count NUMBER;
    BEGIN
        FOR i IN 1 .. v_grads.COUNT LOOP
            SELECT COUNT(*) INTO v_count
            FROM work_experience
            WHERE graduate_id = v_grads(i)
              AND end_date IS NULL;

            IF v_count > 1 THEN
                RAISE_APPLICATION_ERROR(-20102, 'Σφάλμα: Ο απόφοιτος έχει ήδη ενεργή εργασία. Δεν επιτρέπεται δεύτερη παράλληλη απασχόληση.');
            END IF;
        END LOOP;
    END AFTER STATEMENT;
END trg_one_active_job;

/
ALTER TRIGGER "TRG_ONE_ACTIVE_JOB" ENABLE;
--------------------------------------------------------
--  DDL for Procedure EMPLOYMENT_CATEGORY_SHARE
--------------------------------------------------------
set define off;

  CREATE OR REPLACE EDITIONABLE PROCEDURE "EMPLOYMENT_CATEGORY_SHARE" ( 
    p_result OUT SYS_REFCURSOR
) AS
BEGIN 
    OPEN p_result FOR 
    WITH base AS ( 
        SELECT d.department_name, ec.category_name, COUNT(DISTINCT w.graduate_id) AS grads_cnt 
        FROM work_experience w 
        JOIN employment_category ec ON ec.category_id = w.category_id 
        JOIN degree deg ON deg.graduate_id = w.graduate_id 
        JOIN program p ON p.program_id = deg.program_id 
        JOIN department d ON d.department_id = p.department_id 
        GROUP BY d.department_name, ec.category_name 
    ), 
    tot AS ( 
        SELECT department_name, SUM(grads_cnt) AS total_cnt FROM base GROUP BY department_name 
    ) 
    SELECT b.department_name, b.category_name, b.grads_cnt, 
           ROUND((b.grads_cnt / NULLIF(t.total_cnt,0)) * 100, 2) AS percentage 
    FROM base b 
    JOIN tot t ON t.department_name = b.department_name 
    ORDER BY b.department_name, percentage DESC;
END;


/
--------------------------------------------------------
--  DDL for Procedure FIND_CAREER_GAPS
--------------------------------------------------------
set define off;

  CREATE OR REPLACE EDITIONABLE PROCEDURE "FIND_CAREER_GAPS" (
  p_threshold_months IN NUMBER,
  p_result OUT SYS_REFCURSOR
) AS
BEGIN
  OPEN p_result FOR
  WITH ordered_jobs AS (
    SELECT w.*,
           LAG(w.end_date) OVER (PARTITION BY w.graduate_id ORDER BY w.start_date) AS prev_end_date
      FROM work_experience w
  ),
  gaps_between AS (
    SELECT g.last_name,
           g.first_name,
           g.registration_no,
           'Between Jobs' AS gap_type,
           oj.prev_end_date AS gap_start,
           oj.start_date    AS gap_end,
           FLOOR(MONTHS_BETWEEN(oj.start_date, oj.prev_end_date)) AS gap_months
      FROM ordered_jobs oj
      JOIN graduate g ON g.graduate_id = oj.graduate_id
     WHERE oj.prev_end_date IS NOT NULL
       AND oj.start_date > oj.prev_end_date
       AND FLOOR(MONTHS_BETWEEN(oj.start_date, oj.prev_end_date)) > p_threshold_months
  ),
  first_job AS (
    SELECT graduate_id, MIN(start_date) AS first_start
      FROM work_experience
     GROUP BY graduate_id
  ),
  grad_date AS (
    SELECT graduate_id, MAX(graduation_date) AS graduation_date
      FROM degree
     GROUP BY graduate_id
  ),
  gaps_degree_first AS (
    SELECT g.last_name,
           g.first_name,
           g.registration_no,
           'Degree to First Job' AS gap_type,
           gd.graduation_date AS gap_start,
           fj.first_start     AS gap_end,
           FLOOR(MONTHS_BETWEEN(fj.first_start, gd.graduation_date)) AS gap_months
      FROM graduate g
      JOIN grad_date gd ON gd.graduate_id = g.graduate_id
      JOIN first_job fj ON fj.graduate_id = g.graduate_id
     WHERE gd.graduation_date IS NOT NULL
       AND fj.first_start > gd.graduation_date
       AND FLOOR(MONTHS_BETWEEN(fj.first_start, gd.graduation_date)) > p_threshold_months
  ),
  last_job AS (
    SELECT graduate_id, MAX(end_date) AS last_end
      FROM work_experience
     GROUP BY graduate_id
  ),
  has_active AS (
    SELECT DISTINCT graduate_id
      FROM work_experience
     WHERE end_date IS NULL
  ),
  gaps_current AS (
    SELECT g.last_name,
           g.first_name,
           g.registration_no,
           'Current Unemployment' AS gap_type,
           lj.last_end AS gap_start,
           TRUNC(SYSDATE) AS gap_end,
           FLOOR(MONTHS_BETWEEN(TRUNC(SYSDATE), lj.last_end)) AS gap_months
      FROM graduate g
      JOIN last_job lj ON lj.graduate_id = g.graduate_id
      LEFT JOIN has_active ha ON ha.graduate_id = g.graduate_id
     WHERE lj.last_end IS NOT NULL
       AND lj.last_end < TRUNC(SYSDATE)
       AND ha.graduate_id IS NULL
       AND FLOOR(MONTHS_BETWEEN(TRUNC(SYSDATE), lj.last_end)) > p_threshold_months
  ),
  no_work_yet AS (
    SELECT g.last_name,
           g.first_name,
           g.registration_no,
           'No Work Yet' AS gap_type,
           gd.graduation_date AS gap_start,
           TRUNC(SYSDATE) AS gap_end,
           FLOOR(MONTHS_BETWEEN(TRUNC(SYSDATE), gd.graduation_date)) AS gap_months
      FROM graduate g
      JOIN grad_date gd ON gd.graduate_id = g.graduate_id
      LEFT JOIN first_job fj ON fj.graduate_id = g.graduate_id
     WHERE fj.graduate_id IS NULL
       AND gd.graduation_date IS NOT NULL
       AND FLOOR(MONTHS_BETWEEN(TRUNC(SYSDATE), gd.graduation_date)) > p_threshold_months
  )
  SELECT * FROM gaps_between
  UNION ALL
  SELECT * FROM gaps_degree_first
  UNION ALL
  SELECT * FROM gaps_current
  UNION ALL
  SELECT * FROM no_work_yet
  ORDER BY last_name, first_name, gap_type, gap_months DESC;
END;

/
--------------------------------------------------------
--  DDL for Procedure FIND_OVERLAPPING_STUDIES
--------------------------------------------------------
set define off;

  CREATE OR REPLACE EDITIONABLE PROCEDURE "FIND_OVERLAPPING_STUDIES" ( 
    p_result OUT SYS_REFCURSOR
) AS
BEGIN 
    OPEN p_result FOR 
    SELECT g.last_name, g.first_name, d1.degree_id AS deg_1, d2.degree_id AS deg_2,
           d1.enrollment_date AS d1_start, d1.graduation_date AS d1_end, 
           d2.enrollment_date AS d2_start, d2.graduation_date AS d2_end 
    FROM graduate g 
    JOIN degree d1 ON d1.graduate_id = g.graduate_id 
    JOIN degree d2 ON d2.graduate_id = g.graduate_id 
    WHERE d1.degree_id < d2.degree_id 
      AND d1.enrollment_date <= NVL(d2.graduation_date, SYSDATE) 
      AND d2.enrollment_date <= NVL(d1.graduation_date, SYSDATE) 
    ORDER BY g.last_name;
END;


/
--------------------------------------------------------
--  Constraints for Table COMPANY
--------------------------------------------------------

  ALTER TABLE "COMPANY" MODIFY ("COMPANY_ID" NOT NULL ENABLE);
  ALTER TABLE "COMPANY" MODIFY ("COMPANY_NAME" NOT NULL ENABLE);
  ALTER TABLE "COMPANY" MODIFY ("IS_VERIFIED" NOT NULL ENABLE);
  ALTER TABLE "COMPANY" ADD CONSTRAINT "CHK_COMPANY_IS_VERIFIED" CHECK (IS_VERIFIED IN ('Y','N')) ENABLE;
  ALTER TABLE "COMPANY" ADD PRIMARY KEY ("COMPANY_ID")
  USING INDEX  ENABLE;
  ALTER TABLE "COMPANY" ADD CONSTRAINT "UQ_COMP_EMAIL" UNIQUE ("EMAIL")
  USING INDEX "UQ_COMP_EMAIL"  ENABLE;
  ALTER TABLE "COMPANY" ADD CONSTRAINT "UNQ_COMP_NAME" UNIQUE ("COMPANY_NAME")
  USING INDEX "UNQ_COMP_NAME"  ENABLE;
  ALTER TABLE "COMPANY" ADD CONSTRAINT "UNQ_COMP_WEBSITE" UNIQUE ("WEBSITE")
  USING INDEX "UNQ_COMP_WEBSITE"  ENABLE;
--------------------------------------------------------
--  Constraints for Table DEGREE
--------------------------------------------------------

  ALTER TABLE "DEGREE" MODIFY ("DEGREE_ID" NOT NULL ENABLE);
  ALTER TABLE "DEGREE" ADD PRIMARY KEY ("DEGREE_ID")
  USING INDEX  ENABLE;
  ALTER TABLE "DEGREE" MODIFY ("PROGRAM_ID" NOT NULL ENABLE);
  ALTER TABLE "DEGREE" MODIFY ("GRADUATE_ID" NOT NULL ENABLE);
  ALTER TABLE "DEGREE" MODIFY ("PROFESSOR_ID" NOT NULL ENABLE);
--------------------------------------------------------
--  Constraints for Table DEPARTMENT
--------------------------------------------------------

  ALTER TABLE "DEPARTMENT" MODIFY ("DEPARTMENT_ID" NOT NULL ENABLE);
  ALTER TABLE "DEPARTMENT" MODIFY ("DEPARTMENT_NAME" NOT NULL ENABLE);
  ALTER TABLE "DEPARTMENT" ADD PRIMARY KEY ("DEPARTMENT_ID")
  USING INDEX  ENABLE;
  ALTER TABLE "DEPARTMENT" MODIFY ("SCHOOL_ID" NOT NULL ENABLE);
  ALTER TABLE "DEPARTMENT" ADD CONSTRAINT "UQ_DEP_NAME" UNIQUE ("DEPARTMENT_NAME")
  USING INDEX "UQ_DEP_NAME"  ENABLE;
--------------------------------------------------------
--  Constraints for Table EMPLOYMENT_CATEGORY
--------------------------------------------------------

  ALTER TABLE "EMPLOYMENT_CATEGORY" MODIFY ("CATEGORY_ID" NOT NULL ENABLE);
  ALTER TABLE "EMPLOYMENT_CATEGORY" MODIFY ("CATEGORY_NAME" NOT NULL ENABLE);
  ALTER TABLE "EMPLOYMENT_CATEGORY" ADD PRIMARY KEY ("CATEGORY_ID")
  USING INDEX  ENABLE;
  ALTER TABLE "EMPLOYMENT_CATEGORY" ADD CONSTRAINT "UQ_CAT_NAME" UNIQUE ("CATEGORY_NAME")
  USING INDEX "UQ_CAT_NAME"  ENABLE;
--------------------------------------------------------
--  Constraints for Table EXTERNAL_DEGREE
--------------------------------------------------------

  ALTER TABLE "EXTERNAL_DEGREE" MODIFY ("EX_DEGREE_ID" NOT NULL ENABLE);
  ALTER TABLE "EXTERNAL_DEGREE" ADD PRIMARY KEY ("EX_DEGREE_ID")
  USING INDEX  ENABLE;
  ALTER TABLE "EXTERNAL_DEGREE" MODIFY ("INSTITUTION_ID" NOT NULL ENABLE);
  ALTER TABLE "EXTERNAL_DEGREE" MODIFY ("FIELD_ID" NOT NULL ENABLE);
  ALTER TABLE "EXTERNAL_DEGREE" MODIFY ("GRADUATE_ID" NOT NULL ENABLE);
--------------------------------------------------------
--  Constraints for Table EXTERNAL_INSTITUTION
--------------------------------------------------------

  ALTER TABLE "EXTERNAL_INSTITUTION" MODIFY ("INSTITUTION_ID" NOT NULL ENABLE);
  ALTER TABLE "EXTERNAL_INSTITUTION" MODIFY ("INSTITUTION_NAME" NOT NULL ENABLE);
  ALTER TABLE "EXTERNAL_INSTITUTION" ADD PRIMARY KEY ("INSTITUTION_ID")
  USING INDEX  ENABLE;
  ALTER TABLE "EXTERNAL_INSTITUTION" ADD CONSTRAINT "UQ_INST_NAME" UNIQUE ("INSTITUTION_NAME")
  USING INDEX "UQ_INST_NAME"  ENABLE;
--------------------------------------------------------
--  Constraints for Table FACULTY
--------------------------------------------------------

  ALTER TABLE "FACULTY" MODIFY ("SCHOOL_ID" NOT NULL ENABLE);
  ALTER TABLE "FACULTY" MODIFY ("SCHOOL_NAME" NOT NULL ENABLE);
  ALTER TABLE "FACULTY" ADD PRIMARY KEY ("SCHOOL_ID")
  USING INDEX  ENABLE;
  ALTER TABLE "FACULTY" ADD CONSTRAINT "UQ_SCH_NAME" UNIQUE ("SCHOOL_NAME")
  USING INDEX "UQ_SCH_NAME"  ENABLE;
--------------------------------------------------------
--  Constraints for Table FEEDBACK
--------------------------------------------------------

  ALTER TABLE "FEEDBACK" MODIFY ("FEEDBACK_ID" NOT NULL ENABLE);
  ALTER TABLE "FEEDBACK" ADD PRIMARY KEY ("FEEDBACK_ID")
  USING INDEX  ENABLE;
  ALTER TABLE "FEEDBACK" MODIFY ("WORK_ID" NOT NULL ENABLE);
  ALTER TABLE "FEEDBACK" MODIFY ("COMPANY_ID" NOT NULL ENABLE);
--------------------------------------------------------
--  Constraints for Table GRADUATE
--------------------------------------------------------

  ALTER TABLE "GRADUATE" MODIFY ("GRADUATE_ID" NOT NULL ENABLE);
  ALTER TABLE "GRADUATE" MODIFY ("REGISTRATION_NO" NOT NULL ENABLE);
  ALTER TABLE "GRADUATE" MODIFY ("LAST_NAME" NOT NULL ENABLE);
  ALTER TABLE "GRADUATE" MODIFY ("FIRST_NAME" NOT NULL ENABLE);
  ALTER TABLE "GRADUATE" ADD PRIMARY KEY ("GRADUATE_ID")
  USING INDEX  ENABLE;
  ALTER TABLE "GRADUATE" ADD CONSTRAINT "UQ_GRADUATE_REGISTRATION_NO" UNIQUE ("REGISTRATION_NO")
  USING INDEX "UQ_GRADUATE_REGISTRATION_NO"  ENABLE;
  ALTER TABLE "GRADUATE" ADD CONSTRAINT "UQ_GRADUATE_ID_NO" UNIQUE ("ID_NO")
  USING INDEX "UQ_GRADUATE_ID_NO"  ENABLE;
  ALTER TABLE "GRADUATE" ADD CONSTRAINT "UQ_GRADUATE_MAIL" UNIQUE ("EMAIL")
  USING INDEX "UQ_GRADUATE_MAIL"  ENABLE;
  ALTER TABLE "GRADUATE" ADD CONSTRAINT "UQ_GRADUATE_LINKDN" UNIQUE ("LINKEDIN_URL")
  USING INDEX "UQ_GRADUATE_LINKDN"  ENABLE;
--------------------------------------------------------
--  Constraints for Table JOB_LEVEL
--------------------------------------------------------

  ALTER TABLE "JOB_LEVEL" ADD CONSTRAINT "UQ_JOB_LEVEL_TITLE" UNIQUE ("JOB_LEVEL_TITLE")
  USING INDEX "UQ_JOB_LEVEL_TITLE"  ENABLE;
  ALTER TABLE "JOB_LEVEL" MODIFY ("JOB_LEVEL_ID" NOT NULL ENABLE);
  ALTER TABLE "JOB_LEVEL" MODIFY ("JOB_LEVEL_TITLE" NOT NULL ENABLE);
  ALTER TABLE "JOB_LEVEL" ADD PRIMARY KEY ("JOB_LEVEL_ID")
  USING INDEX  ENABLE;
--------------------------------------------------------
--  Constraints for Table PROFESSOR
--------------------------------------------------------

  ALTER TABLE "PROFESSOR" MODIFY ("LAST_NAME" NOT NULL ENABLE);
  ALTER TABLE "PROFESSOR" MODIFY ("FIRST_NAME" NOT NULL ENABLE);
  ALTER TABLE "PROFESSOR" ADD PRIMARY KEY ("PROFESSOR_ID")
  USING INDEX  ENABLE;
  ALTER TABLE "PROFESSOR" ADD CONSTRAINT "UQ_PROFESSOR_ID_NO" UNIQUE ("ID_NO")
  USING INDEX "UQ_PROFESSOR_ID_NO"  ENABLE;
  ALTER TABLE "PROFESSOR" MODIFY ("DEPARTMENT_ID" NOT NULL ENABLE);
  ALTER TABLE "PROFESSOR" ADD CONSTRAINT "UQ_PROFESSOR_MAIL" UNIQUE ("EMAIL")
  USING INDEX "UQ_PROFESSOR_MAIL"  ENABLE;
  ALTER TABLE "PROFESSOR" ADD CONSTRAINT "UQ_PROFESSOR_MOBILE" UNIQUE ("MOBILE_PHONE")
  USING INDEX "UQ_PROFESSOR_MOBILE"  ENABLE;
  ALTER TABLE "PROFESSOR" MODIFY ("PROFESSOR_ID" NOT NULL ENABLE);
--------------------------------------------------------
--  Constraints for Table PROGRAM
--------------------------------------------------------

  ALTER TABLE "PROGRAM" MODIFY ("PROGRAM_NAME" NOT NULL ENABLE);
  ALTER TABLE "PROGRAM" ADD PRIMARY KEY ("PROGRAM_ID")
  USING INDEX  ENABLE;
  ALTER TABLE "PROGRAM" MODIFY ("DEPARTMENT_ID" NOT NULL ENABLE);
  ALTER TABLE "PROGRAM" MODIFY ("FIELD_ID" NOT NULL ENABLE);
  ALTER TABLE "PROGRAM" ADD CONSTRAINT "UQ_PROGRAM_NAME" UNIQUE ("PROGRAM_NAME")
  USING INDEX "UQ_PROGRAM_NAME"  ENABLE;
  ALTER TABLE "PROGRAM" MODIFY ("PROGRAM_ID" NOT NULL ENABLE);
--------------------------------------------------------
--  Constraints for Table RATING
--------------------------------------------------------

  ALTER TABLE "RATING" MODIFY ("SCORE" NOT NULL ENABLE);
  ALTER TABLE "RATING" ADD CONSTRAINT "CHK_RATING_SCORE" CHECK (SCORE BETWEEN 1 AND 10) ENABLE;
  ALTER TABLE "RATING" ADD PRIMARY KEY ("RATING_ID")
  USING INDEX  ENABLE;
  ALTER TABLE "RATING" MODIFY ("FEEDBACK_ID" NOT NULL ENABLE);
  ALTER TABLE "RATING" MODIFY ("SKILL_ID" NOT NULL ENABLE);
  ALTER TABLE "RATING" MODIFY ("RATING_ID" NOT NULL ENABLE);
--------------------------------------------------------
--  Constraints for Table RECOMMENDATION
--------------------------------------------------------

  ALTER TABLE "RECOMMENDATION" ADD PRIMARY KEY ("RECOMMENDATION_ID", "FILE_PATH")
  USING INDEX  ENABLE;
  ALTER TABLE "RECOMMENDATION" MODIFY ("PROFESSOR_ID" NOT NULL ENABLE);
  ALTER TABLE "RECOMMENDATION" MODIFY ("GRADUATE_ID" NOT NULL ENABLE);
  ALTER TABLE "RECOMMENDATION" MODIFY ("COMPANY_ID" NOT NULL ENABLE);
  ALTER TABLE "RECOMMENDATION" MODIFY ("FILE_PATH" NOT NULL ENABLE);
  ALTER TABLE "RECOMMENDATION" ADD CONSTRAINT "UQ_RECOM_PATH" UNIQUE ("FILE_PATH")
  USING INDEX "UQ_RECOM_PATH"  ENABLE;
  ALTER TABLE "RECOMMENDATION" MODIFY ("RECOMMENDATION_ID" NOT NULL ENABLE);
--------------------------------------------------------
--  Constraints for Table RELEVANCE_LEVEL
--------------------------------------------------------

  ALTER TABLE "RELEVANCE_LEVEL" MODIFY ("RELEVANCE_DEGREE" NOT NULL ENABLE);
  ALTER TABLE "RELEVANCE_LEVEL" ADD PRIMARY KEY ("RELEVANCE_ID")
  USING INDEX  ENABLE;
  ALTER TABLE "RELEVANCE_LEVEL" ADD CONSTRAINT "UQ_RELEVANCE_DEGREE" UNIQUE ("RELEVANCE_DEGREE")
  USING INDEX "UQ_RELEVANCE_DEGREE"  ENABLE;
  ALTER TABLE "RELEVANCE_LEVEL" MODIFY ("RELEVANCE_ID" NOT NULL ENABLE);
--------------------------------------------------------
--  Constraints for Table SCIENTIFIC_FIELD
--------------------------------------------------------

  ALTER TABLE "SCIENTIFIC_FIELD" MODIFY ("FIELD_NAME" NOT NULL ENABLE);
  ALTER TABLE "SCIENTIFIC_FIELD" ADD PRIMARY KEY ("FIELD_ID")
  USING INDEX  ENABLE;
  ALTER TABLE "SCIENTIFIC_FIELD" ADD CONSTRAINT "UQ_SCIENTIFIC_F_NAME" UNIQUE ("FIELD_NAME")
  USING INDEX "UQ_SCIENTIFIC_F_NAME"  ENABLE;
  ALTER TABLE "SCIENTIFIC_FIELD" MODIFY ("FIELD_ID" NOT NULL ENABLE);
--------------------------------------------------------
--  Constraints for Table SKILLS
--------------------------------------------------------

  ALTER TABLE "SKILLS" MODIFY ("SKILL_NAME" NOT NULL ENABLE);
  ALTER TABLE "SKILLS" ADD PRIMARY KEY ("SKILL_ID")
  USING INDEX  ENABLE;
  ALTER TABLE "SKILLS" ADD CONSTRAINT "UQ_SKILLS_NAME" UNIQUE ("SKILL_NAME")
  USING INDEX "UQ_SKILLS_NAME"  ENABLE;
  ALTER TABLE "SKILLS" MODIFY ("SKILL_ID" NOT NULL ENABLE);
--------------------------------------------------------
--  Constraints for Table WORK_EXPERIENCE
--------------------------------------------------------

  ALTER TABLE "WORK_EXPERIENCE" MODIFY ("START_DATE" NOT NULL ENABLE);
  ALTER TABLE "WORK_EXPERIENCE" ADD PRIMARY KEY ("WORK_ID")
  USING INDEX  ENABLE;
  ALTER TABLE "WORK_EXPERIENCE" MODIFY ("GRADUATE_ID" NOT NULL ENABLE);
  ALTER TABLE "WORK_EXPERIENCE" MODIFY ("COMPANY_ID" NOT NULL ENABLE);
  ALTER TABLE "WORK_EXPERIENCE" MODIFY ("CATEGORY_ID" NOT NULL ENABLE);
  ALTER TABLE "WORK_EXPERIENCE" MODIFY ("JOB_LEVEL_ID" NOT NULL ENABLE);
  ALTER TABLE "WORK_EXPERIENCE" MODIFY ("RELEVANCE_ID" NOT NULL ENABLE);
  ALTER TABLE "WORK_EXPERIENCE" ADD CONSTRAINT "CHK_WORK_PERIOD" CHECK (END_DATE >= START_DATE OR END_DATE IS NULL) ENABLE;
  ALTER TABLE "WORK_EXPERIENCE" ADD CONSTRAINT "CHK_WORK_TYPE" CHECK (WORK_TYPE IN (
    'Full-time', 
    'Part-time', 
    'Contract', 
    'Freelance', 
    'Seasonal'
)) ENABLE;
  ALTER TABLE "WORK_EXPERIENCE" MODIFY ("WORK_ID" NOT NULL ENABLE);
--------------------------------------------------------
--  Ref Constraints for Table DEGREE
--------------------------------------------------------

  ALTER TABLE "DEGREE" ADD CONSTRAINT "FK_DEGREE_PROGRAM" FOREIGN KEY ("PROGRAM_ID")
	  REFERENCES "PROGRAM" ("PROGRAM_ID") ENABLE;
  ALTER TABLE "DEGREE" ADD CONSTRAINT "FK_DEGREE_PROFESSOR" FOREIGN KEY ("PROFESSOR_ID")
	  REFERENCES "PROFESSOR" ("PROFESSOR_ID") ENABLE;
  ALTER TABLE "DEGREE" ADD CONSTRAINT "FK_DEGREE_GRADUATE" FOREIGN KEY ("GRADUATE_ID")
	  REFERENCES "GRADUATE" ("GRADUATE_ID") ON DELETE CASCADE ENABLE;
--------------------------------------------------------
--  Ref Constraints for Table DEPARTMENT
--------------------------------------------------------

  ALTER TABLE "DEPARTMENT" ADD CONSTRAINT "FK_DEPARTMENT_FACULTY" FOREIGN KEY ("SCHOOL_ID")
	  REFERENCES "FACULTY" ("SCHOOL_ID") ENABLE;
--------------------------------------------------------
--  Ref Constraints for Table EXTERNAL_DEGREE
--------------------------------------------------------

  ALTER TABLE "EXTERNAL_DEGREE" ADD CONSTRAINT "FK_EXDEG_GRADUATE" FOREIGN KEY ("GRADUATE_ID")
	  REFERENCES "GRADUATE" ("GRADUATE_ID") ON DELETE CASCADE ENABLE;
  ALTER TABLE "EXTERNAL_DEGREE" ADD CONSTRAINT "FK_EXDEG_INSTITUTION" FOREIGN KEY ("INSTITUTION_ID")
	  REFERENCES "EXTERNAL_INSTITUTION" ("INSTITUTION_ID") ENABLE;
  ALTER TABLE "EXTERNAL_DEGREE" ADD CONSTRAINT "FK_EXDEG_FIELD" FOREIGN KEY ("FIELD_ID")
	  REFERENCES "SCIENTIFIC_FIELD" ("FIELD_ID") ENABLE;
--------------------------------------------------------
--  Ref Constraints for Table FEEDBACK
--------------------------------------------------------

  ALTER TABLE "FEEDBACK" ADD CONSTRAINT "FK_FEEDBACK_COMPANY" FOREIGN KEY ("COMPANY_ID")
	  REFERENCES "COMPANY" ("COMPANY_ID") ENABLE;
  ALTER TABLE "FEEDBACK" ADD CONSTRAINT "FK_FEEDBACK_WORK" FOREIGN KEY ("WORK_ID")
	  REFERENCES "WORK_EXPERIENCE" ("WORK_ID") ON DELETE CASCADE ENABLE;
--------------------------------------------------------
--  Ref Constraints for Table PROFESSOR
--------------------------------------------------------

  ALTER TABLE "PROFESSOR" ADD CONSTRAINT "FK_PROFESSOR_DEPARTMENT" FOREIGN KEY ("DEPARTMENT_ID")
	  REFERENCES "DEPARTMENT" ("DEPARTMENT_ID") ENABLE;
--------------------------------------------------------
--  Ref Constraints for Table PROGRAM
--------------------------------------------------------

  ALTER TABLE "PROGRAM" ADD CONSTRAINT "FK_PROGRAM_DEPARTMENT" FOREIGN KEY ("DEPARTMENT_ID")
	  REFERENCES "DEPARTMENT" ("DEPARTMENT_ID") ENABLE;
  ALTER TABLE "PROGRAM" ADD CONSTRAINT "FK_PROGRAM_SCIENTIFIC_FIELD" FOREIGN KEY ("FIELD_ID")
	  REFERENCES "SCIENTIFIC_FIELD" ("FIELD_ID") ENABLE;
--------------------------------------------------------
--  Ref Constraints for Table RATING
--------------------------------------------------------

  ALTER TABLE "RATING" ADD CONSTRAINT "FK_RATING_FEEDBACK" FOREIGN KEY ("FEEDBACK_ID")
	  REFERENCES "FEEDBACK" ("FEEDBACK_ID") ON DELETE CASCADE ENABLE;
  ALTER TABLE "RATING" ADD CONSTRAINT "FK_RATING_SKILL" FOREIGN KEY ("SKILL_ID")
	  REFERENCES "SKILLS" ("SKILL_ID") ENABLE;
--------------------------------------------------------
--  Ref Constraints for Table RECOMMENDATION
--------------------------------------------------------

  ALTER TABLE "RECOMMENDATION" ADD CONSTRAINT "FK_RECOMMENDATION_GRADUATE" FOREIGN KEY ("GRADUATE_ID")
	  REFERENCES "GRADUATE" ("GRADUATE_ID") ON DELETE CASCADE ENABLE;
  ALTER TABLE "RECOMMENDATION" ADD CONSTRAINT "FK_RECOMMENDATION_PROFESSOR" FOREIGN KEY ("PROFESSOR_ID")
	  REFERENCES "PROFESSOR" ("PROFESSOR_ID") ENABLE;
  ALTER TABLE "RECOMMENDATION" ADD CONSTRAINT "FK_RECOMMENDATION_COMPANY" FOREIGN KEY ("COMPANY_ID")
	  REFERENCES "COMPANY" ("COMPANY_ID") ENABLE;
--------------------------------------------------------
--  Ref Constraints for Table WORK_EXPERIENCE
--------------------------------------------------------

  ALTER TABLE "WORK_EXPERIENCE" ADD CONSTRAINT "FK_WORKEXP_COMPANY" FOREIGN KEY ("COMPANY_ID")
	  REFERENCES "COMPANY" ("COMPANY_ID") ENABLE;
  ALTER TABLE "WORK_EXPERIENCE" ADD CONSTRAINT "FK_WORKEXP_CATEGORY" FOREIGN KEY ("CATEGORY_ID")
	  REFERENCES "EMPLOYMENT_CATEGORY" ("CATEGORY_ID") ENABLE;
  ALTER TABLE "WORK_EXPERIENCE" ADD CONSTRAINT "FK_WORKEXP_JOB_LEVEL" FOREIGN KEY ("JOB_LEVEL_ID")
	  REFERENCES "JOB_LEVEL" ("JOB_LEVEL_ID") ENABLE;
  ALTER TABLE "WORK_EXPERIENCE" ADD CONSTRAINT "FK_WORKEXP_RELEVANCE" FOREIGN KEY ("RELEVANCE_ID")
	  REFERENCES "RELEVANCE_LEVEL" ("RELEVANCE_ID") ENABLE;
  ALTER TABLE "WORK_EXPERIENCE" ADD CONSTRAINT "FK_WORKEXP_GRADUATE" FOREIGN KEY ("GRADUATE_ID")
	  REFERENCES "GRADUATE" ("GRADUATE_ID") ON DELETE CASCADE ENABLE;
