/* ----------------------------------------------------------------------
   PROJECT: Σύστημα Διαχείρισης Αποφοίτων
   FILE:    source_code_final.sql
   DATE:    2025-2026
   ---------------------------------------------------------------------- */

-- Ρύθμιση μορφής ημερομηνίας για συμβατότητα με τα δεδομένα του backup
ALTER SESSION SET NLS_DATE_FORMAT = 'DD-MON-RR';

/* ======================================================================
   1. ΚΑΘΑΡΙΣΜΟΣ ΒΑΣΗΣ (DROP EXISTING OBJECTS)
   ====================================================================== */
BEGIN
   -- Διαγραφή Πινάκων
   FOR cur_rec IN (SELECT table_name FROM user_tables) LOOP
      EXECUTE IMMEDIATE 'DROP TABLE "' || cur_rec.table_name || '" CASCADE CONSTRAINTS';
   END LOOP;
   
   -- Διαγραφή Διαδικασιών
   FOR cur_proc IN (SELECT object_name FROM user_procedures WHERE object_type = 'PROCEDURE') LOOP
      EXECUTE IMMEDIATE 'DROP PROCEDURE "' || cur_proc.object_name || '"';
   END LOOP;
END;
/

/* ======================================================================
   2. ΔΗΜΙΟΥΡΓΙΑ ΠΙΝΑΚΩΝ (CREATE TABLES - DDL)
   ====================================================================== */

-- 1. FACULTY
CREATE TABLE "FACULTY" (
    "SCHOOL_ID" NUMBER GENERATED BY DEFAULT ON NULL AS IDENTITY PRIMARY KEY,
    "SCHOOL_NAME" VARCHAR2(100) NOT NULL UNIQUE
);

-- 2. DEPARTMENT
CREATE TABLE "DEPARTMENT" (
    "DEPARTMENT_ID" NUMBER GENERATED BY DEFAULT ON NULL AS IDENTITY PRIMARY KEY,
    "DEPARTMENT_NAME" VARCHAR2(100) NOT NULL UNIQUE,
    "SCHOOL_ID" NUMBER NOT NULL,
    CONSTRAINT "FK_DEPARTMENT_FACULTY" FOREIGN KEY ("SCHOOL_ID") REFERENCES "FACULTY" ("SCHOOL_ID")
);

-- 3. SCIENTIFIC_FIELD
CREATE TABLE "SCIENTIFIC_FIELD" (
    "FIELD_ID" NUMBER GENERATED BY DEFAULT ON NULL AS IDENTITY PRIMARY KEY,
    "FIELD_NAME" VARCHAR2(100) NOT NULL UNIQUE
);

-- 4. PROGRAM
CREATE TABLE "PROGRAM" (
    "PROGRAM_ID" NUMBER GENERATED BY DEFAULT ON NULL AS IDENTITY PRIMARY KEY,
    "PROGRAM_NAME" VARCHAR2(150) NOT NULL UNIQUE,
    "PROGRAM_LEVEL" VARCHAR2(50),
    "DEPARTMENT_ID" NUMBER NOT NULL,
    "FIELD_ID" NUMBER NOT NULL,
    CONSTRAINT "FK_PROGRAM_DEPARTMENT" FOREIGN KEY ("DEPARTMENT_ID") REFERENCES "DEPARTMENT" ("DEPARTMENT_ID"),
    CONSTRAINT "FK_PROGRAM_SCIENTIFIC_FIELD" FOREIGN KEY ("FIELD_ID") REFERENCES "SCIENTIFIC_FIELD" ("FIELD_ID")
);

-- 5. PROFESSOR
CREATE TABLE "PROFESSOR" (
    "PROFESSOR_ID" NUMBER GENERATED BY DEFAULT ON NULL AS IDENTITY PRIMARY KEY,
    "LAST_NAME" VARCHAR2(50) NOT NULL,
    "FIRST_NAME" VARCHAR2(50) NOT NULL,
    "FATHER_NAME" VARCHAR2(50),
    "ID_NO" VARCHAR2(20) UNIQUE,
    "DATE_OF_BIRTH" DATE,
    "EMAIL" VARCHAR2(100) UNIQUE,
    "MOBILE_PHONE" VARCHAR2(20) UNIQUE,
    "ACADEMIC_RANK" VARCHAR2(50),
    "DEPARTMENT_ID" NUMBER NOT NULL,
    CONSTRAINT "FK_PROFESSOR_DEPARTMENT" FOREIGN KEY ("DEPARTMENT_ID") REFERENCES "DEPARTMENT" ("DEPARTMENT_ID")
);

-- 6. GRADUATE
CREATE TABLE "GRADUATE" (
    "GRADUATE_ID" NUMBER GENERATED BY DEFAULT ON NULL AS IDENTITY PRIMARY KEY,
    "REGISTRATION_NO" VARCHAR2(20) NOT NULL UNIQUE,
    "REGISTRATION_YEAR" NUMBER,
    "LAST_NAME" VARCHAR2(50) NOT NULL,
    "FIRST_NAME" VARCHAR2(50) NOT NULL,
    "FATHER_NAME" VARCHAR2(50),
    "ID_NO" VARCHAR2(20) UNIQUE,
    "DATE_OF_BIRTH" DATE,
    "EMAIL" VARCHAR2(100) NOT NULL UNIQUE,
    "LINKEDIN_URL" VARCHAR2(255) UNIQUE,
    "MOBILE_PHONE" VARCHAR2(20) UNIQUE,
    "ADDRESS" VARCHAR2(255),
    "GENDER" VARCHAR2(10)
);

-- 7. DEGREE
CREATE TABLE "DEGREE" (
    "DEGREE_ID" NUMBER GENERATED BY DEFAULT ON NULL AS IDENTITY PRIMARY KEY,
    "ENROLLMENT_DATE" DATE,
    "GRADUATION_DATE" DATE,
    "GRADE" NUMBER(4,2) CHECK (GRADE BETWEEN 0 AND 10),
    "THESIS_TITLE" VARCHAR2(255),
    "THESIS_GRADE" NUMBER(4,2),
    "PROGRAM_ID" NUMBER NOT NULL,
    "GRADUATE_ID" NUMBER NOT NULL,
    "PROFESSOR_ID" NUMBER NOT NULL,
    CONSTRAINT "FK_DEGREE_PROGRAM" FOREIGN KEY ("PROGRAM_ID") REFERENCES "PROGRAM" ("PROGRAM_ID"),
    CONSTRAINT "FK_DEGREE_GRADUATE" FOREIGN KEY ("GRADUATE_ID") REFERENCES "GRADUATE" ("GRADUATE_ID") ON DELETE CASCADE,
    CONSTRAINT "FK_DEGREE_PROFESSOR" FOREIGN KEY ("PROFESSOR_ID") REFERENCES "PROFESSOR" ("PROFESSOR_ID")
);

-- 8. COMPANY
CREATE TABLE "COMPANY" (
    "COMPANY_ID" NUMBER GENERATED BY DEFAULT ON NULL AS IDENTITY PRIMARY KEY,
    "COMPANY_NAME" VARCHAR2(150) NOT NULL UNIQUE,
    "BUSINESS_SECTOR" VARCHAR2(100),
    "PHONE" VARCHAR2(20),
    "EMAIL" VARCHAR2(100) UNIQUE,
    "ADDRESS" VARCHAR2(255),
    "WEBSITE" VARCHAR2(255) UNIQUE,
    "IS_VERIFIED" CHAR(1) DEFAULT 'N' CHECK (IS_VERIFIED IN ('Y','N'))
);

-- 9. EMPLOYMENT_CATEGORY
CREATE TABLE "EMPLOYMENT_CATEGORY" (
    "CATEGORY_ID" NUMBER GENERATED BY DEFAULT ON NULL AS IDENTITY PRIMARY KEY,
    "CATEGORY_NAME" VARCHAR2(100) NOT NULL UNIQUE
);

-- 10. JOB_LEVEL
CREATE TABLE "JOB_LEVEL" (
    "JOB_LEVEL_ID" NUMBER GENERATED BY DEFAULT ON NULL AS IDENTITY PRIMARY KEY,
    "JOB_LEVEL_TITLE" VARCHAR2(50) NOT NULL UNIQUE,
    "DESCRIPTION" CLOB
);

-- 11. RELEVANCE_LEVEL
CREATE TABLE "RELEVANCE_LEVEL" (
    "RELEVANCE_ID" NUMBER GENERATED BY DEFAULT ON NULL AS IDENTITY PRIMARY KEY,
    "RELEVANCE_DEGREE" VARCHAR2(50) NOT NULL UNIQUE
);

-- 12. WORK_EXPERIENCE
CREATE TABLE "WORK_EXPERIENCE" (
    "WORK_ID" NUMBER GENERATED BY DEFAULT ON NULL AS IDENTITY PRIMARY KEY,
    "JOB_TITLE" VARCHAR2(100),
    "START_DATE" DATE NOT NULL,
    "END_DATE" DATE,
    "WORK_TYPE" VARCHAR2(50) CHECK (WORK_TYPE IN ('Full-time', 'Part-time', 'Contract', 'Freelance', 'Seasonal')),
    "GRADUATE_ID" NUMBER NOT NULL,
    "COMPANY_ID" NUMBER NOT NULL,
    "CATEGORY_ID" NUMBER NOT NULL,
    "JOB_LEVEL_ID" NUMBER NOT NULL,
    "RELEVANCE_ID" NUMBER NOT NULL,
    CONSTRAINT "FK_WORK_GRAD" FOREIGN KEY ("GRADUATE_ID") REFERENCES "GRADUATE" ("GRADUATE_ID") ON DELETE CASCADE,
    CONSTRAINT "FK_WORK_COMP" FOREIGN KEY ("COMPANY_ID") REFERENCES "COMPANY" ("COMPANY_ID"),
    CONSTRAINT "FK_WORK_CAT" FOREIGN KEY ("CATEGORY_ID") REFERENCES "EMPLOYMENT_CATEGORY" ("CATEGORY_ID"),
    CONSTRAINT "FK_WORK_JOB_LVL" FOREIGN KEY ("JOB_LEVEL_ID") REFERENCES "JOB_LEVEL" ("JOB_LEVEL_ID"),
    CONSTRAINT "FK_WORK_REL" FOREIGN KEY ("RELEVANCE_ID") REFERENCES "RELEVANCE_LEVEL" ("RELEVANCE_ID"),
    CONSTRAINT "CHK_WORK_PERIOD" CHECK (END_DATE >= START_DATE OR END_DATE IS NULL)
);

-- 13. FEEDBACK
CREATE TABLE "FEEDBACK" (
    "FEEDBACK_ID" NUMBER GENERATED BY DEFAULT ON NULL AS IDENTITY PRIMARY KEY,
    "FEEDBACK_DATE" DATE DEFAULT CURRENT_DATE,
    "EVALUATOR_ROLE" VARCHAR2(50),
    "COMMENTS" CLOB,
    "WORK_ID" NUMBER NOT NULL,
    "COMPANY_ID" NUMBER NOT NULL,
    CONSTRAINT "FK_FEEDBACK_WORK" FOREIGN KEY ("WORK_ID") REFERENCES "WORK_EXPERIENCE" ("WORK_ID") ON DELETE CASCADE,
    CONSTRAINT "FK_FEEDBACK_COMPANY" FOREIGN KEY ("COMPANY_ID") REFERENCES "COMPANY" ("COMPANY_ID")
);

-- 14. SKILLS
CREATE TABLE "SKILLS" (
    "SKILL_ID" NUMBER GENERATED BY DEFAULT ON NULL AS IDENTITY PRIMARY KEY,
    "SKILL_NAME" VARCHAR2(100) NOT NULL UNIQUE,
    "CATEGORY" VARCHAR2(50)
);

-- 15. RATING
CREATE TABLE "RATING" (
    "RATING_ID" NUMBER GENERATED BY DEFAULT ON NULL AS IDENTITY PRIMARY KEY,
    "SCORE" NUMBER NOT NULL CHECK (SCORE BETWEEN 1 AND 10),
    "IMPORTANCE" VARCHAR2(50),
    "FEEDBACK_ID" NUMBER NOT NULL,
    "SKILL_ID" NUMBER NOT NULL,
    CONSTRAINT "FK_RATING_FEEDBACK" FOREIGN KEY ("FEEDBACK_ID") REFERENCES "FEEDBACK" ("FEEDBACK_ID") ON DELETE CASCADE,
    CONSTRAINT "FK_RATING_SKILL" FOREIGN KEY ("SKILL_ID") REFERENCES "SKILLS" ("SKILL_ID")
);

-- 16. RECOMMENDATION
CREATE TABLE "RECOMMENDATION" (
    "RECOMMENDATION_ID" NUMBER GENERATED BY DEFAULT ON NULL AS IDENTITY PRIMARY KEY,
    "RECOMMENDATION_DATE" DATE,
    "FILE_PATH" VARCHAR2(255) NOT NULL UNIQUE,
    "PROFESSOR_ID" NUMBER NOT NULL,
    "GRADUATE_ID" NUMBER NOT NULL,
    "COMPANY_ID" NUMBER NOT NULL,
    CONSTRAINT "FK_REC_PROF" FOREIGN KEY ("PROFESSOR_ID") REFERENCES "PROFESSOR" ("PROFESSOR_ID"),
    CONSTRAINT "FK_REC_GRAD" FOREIGN KEY ("GRADUATE_ID") REFERENCES "GRADUATE" ("GRADUATE_ID") ON DELETE CASCADE,
    CONSTRAINT "FK_REC_COMP" FOREIGN KEY ("COMPANY_ID") REFERENCES "COMPANY" ("COMPANY_ID")
);

-- 17. EXTERNAL_INSTITUTION
CREATE TABLE "EXTERNAL_INSTITUTION" (
    "INSTITUTION_ID" NUMBER GENERATED BY DEFAULT ON NULL AS IDENTITY PRIMARY KEY,
    "INSTITUTION_NAME" VARCHAR2(150) NOT NULL UNIQUE,
    "INSTITUTION_TYPE" VARCHAR2(50),
    "COUNTRY" VARCHAR2(50),
    "WEBSITE" VARCHAR2(255)
);

-- 18. EXTERNAL_DEGREE
CREATE TABLE "EXTERNAL_DEGREE" (
    "EX_DEGREE_ID" NUMBER GENERATED BY DEFAULT ON NULL AS IDENTITY PRIMARY KEY,
    "DEGREE_TITLE" VARCHAR2(150),
    "DEGREE_LEVEL" VARCHAR2(50),
    "ENROLLMENT_DATE" DATE,
    "GRADUATION_DATE" DATE,
    "GRADE" NUMBER(4,2),
    "INSTITUTION_ID" NUMBER NOT NULL,
    "FIELD_ID" NUMBER NOT NULL,
    "GRADUATE_ID" NUMBER NOT NULL,
    CONSTRAINT "FK_EXDEG_INST" FOREIGN KEY ("INSTITUTION_ID") REFERENCES "EXTERNAL_INSTITUTION" ("INSTITUTION_ID"),
    CONSTRAINT "FK_EXDEG_FIELD" FOREIGN KEY ("FIELD_ID") REFERENCES "SCIENTIFIC_FIELD" ("FIELD_ID"),
    CONSTRAINT "FK_EXDEG_GRAD" FOREIGN KEY ("GRADUATE_ID") REFERENCES "GRADUATE" ("GRADUATE_ID") ON DELETE CASCADE
);

/* ======================================================================
   3. ΔΗΜΙΟΥΡΓΙΑ ΕΥΡΕΤΗΡΙΩΝ (INDICES)
   ====================================================================== */
CREATE INDEX IDX_FK_DEGREE_PROG ON DEGREE (program_id);
CREATE INDEX IDX_FK_DEGREE_GRAD ON DEGREE (graduate_id);
CREATE INDEX IDX_FK_EXT_DEG_GRAD ON EXTERNAL_DEGREE (graduate_id);
CREATE INDEX IDX_FK_WORK_GRAD ON WORK_EXPERIENCE (graduate_id);
CREATE INDEX IDX_FK_WORK_COMP ON WORK_EXPERIENCE (company_id);
CREATE INDEX IDX_COMP_SECTOR ON COMPANY (business_sector);
CREATE INDEX IDX_FK_RAT_SKILL ON RATING (skill_id);
CREATE INDEX IDX_GRAD_REG_YEAR ON GRADUATE (registration_year);
CREATE INDEX IDX_FK_PROG_DEPT ON PROGRAM (department_id);
CREATE INDEX IDX_GRAD_NAME ON GRADUATE (last_name, first_name);
CREATE INDEX IDX_WORK_DATES ON WORK_EXPERIENCE (start_date, end_date);
CREATE INDEX IDX_DEGREE_DATES ON DEGREE (enrollment_date, graduation_date);

/* ======================================================================
   4. ΕΙΣΑΓΩΓΗ ΔΕΔΟΜΕΝΩΝ (INSERT DATA)
   ====================================================================== */

-- 4.1 Βασικοί Πίνακες
Insert into FACULTY (SCHOOL_ID,SCHOOL_NAME) values (1,'Σχολή Πληροφορικής');
Insert into FACULTY (SCHOOL_ID,SCHOOL_NAME) values (2,'Σχολή Οικονομικών');

Insert into SCIENTIFIC_FIELD (FIELD_ID,FIELD_NAME) values (1,'Πληροφορική');
Insert into SCIENTIFIC_FIELD (FIELD_ID,FIELD_NAME) values (2,'Οικονομικά');

Insert into EMPLOYMENT_CATEGORY (CATEGORY_ID,CATEGORY_NAME) values (1,'Ιδιωτικός Τομέας');
Insert into EMPLOYMENT_CATEGORY (CATEGORY_ID,CATEGORY_NAME) values (2,'Δημόσιος Τομέας');

Insert into JOB_LEVEL (JOB_LEVEL_ID,JOB_LEVEL_TITLE) values (1,'Junior');
Insert into JOB_LEVEL (JOB_LEVEL_ID,JOB_LEVEL_TITLE) values (2,'Senior');
Insert into JOB_LEVEL (JOB_LEVEL_ID,JOB_LEVEL_TITLE) values (3,'Mid');

Insert into RELEVANCE_LEVEL (RELEVANCE_ID,RELEVANCE_DEGREE) values (1,'Απόλυτη');
Insert into RELEVANCE_LEVEL (RELEVANCE_ID,RELEVANCE_DEGREE) values (2,'Μερική');
Insert into RELEVANCE_LEVEL (RELEVANCE_ID,RELEVANCE_DEGREE) values (3,'Καμία');

Insert into SKILLS (SKILL_ID,SKILL_NAME,CATEGORY) values (1,'SQL','Hard Skills');
Insert into SKILLS (SKILL_ID,SKILL_NAME,CATEGORY) values (2,'Communication','Soft Skills');
Insert into SKILLS (SKILL_ID,SKILL_NAME,CATEGORY) values (3,'Java Spring Boot','Hard Skills');
Insert into SKILLS (SKILL_ID,SKILL_NAME,CATEGORY) values (4,'Machine Learning','Hard Skills');

Insert into EXTERNAL_INSTITUTION (INSTITUTION_ID,INSTITUTION_NAME,INSTITUTION_TYPE,COUNTRY,WEBSITE) values (1,'ΕΚΠΑ','ΑΕΙ','Greece','https://www.uoa.gr');
Insert into EXTERNAL_INSTITUTION (INSTITUTION_ID,INSTITUTION_NAME,INSTITUTION_TYPE,COUNTRY,WEBSITE) values (2,'ΕΘΝΙΚΟ ΜΕΤΣΟΒΙΟ ΠΟΛΥΤΕΧΝΕΙΟ','ΑΕΙ','Greece','https://www.ntua.gr');

Insert into COMPANY (COMPANY_ID,COMPANY_NAME,BUSINESS_SECTOR,PHONE,EMAIL,ADDRESS,WEBSITE,IS_VERIFIED) values (1,'Intrasoft International','IT Services',null,'hr@intrasoft-intl.com',null,'https://www.intrasoft-intl.com','Y');
Insert into COMPANY (COMPANY_ID,COMPANY_NAME,BUSINESS_SECTOR,PHONE,EMAIL,ADDRESS,WEBSITE,IS_VERIFIED) values (2,'Example Bank','Banking',null,'hr@examplebank.com',null,'https://examplebank.com','N');
Insert into COMPANY (COMPANY_ID,COMPANY_NAME,BUSINESS_SECTOR,PHONE,EMAIL,ADDRESS,WEBSITE,IS_VERIFIED) values (3,'Deloitte Greece','Consulting',null,'careers@deloitte.gr',null,'https://www2.deloitte.com/gr','Y');
Insert into COMPANY (COMPANY_ID,COMPANY_NAME,BUSINESS_SECTOR,PHONE,EMAIL,ADDRESS,WEBSITE,IS_VERIFIED) values (4,'OTE Group','Telecommunications',null,'hr@ote.gr',null,'https://www.ote.gr','Y');
Insert into COMPANY (COMPANY_ID,COMPANY_NAME,BUSINESS_SECTOR,PHONE,EMAIL,ADDRESS,WEBSITE,IS_VERIFIED) values (5,'Microsoft Hellas','Technology',null,'careers@microsoft.com',null,'https://www.microsoft.com','Y');

-- 4.2 Απόφοιτοι
Insert into GRADUATE (GRADUATE_ID,REGISTRATION_NO,REGISTRATION_YEAR,LAST_NAME,FIRST_NAME,FATHER_NAME,ID_NO,DATE_OF_BIRTH,EMAIL,LINKEDIN_URL,MOBILE_PHONE,ADDRESS,GENDER) values (1,'MPQS25083',2024,'ΡΙΣΒΑΣ','ΣΤΑΥΡΟΣ',null,null,to_date('15-MAY-98','DD-MON-RR'),'srisvas@unipi.gr',null,null,null,null);
Insert into GRADUATE (GRADUATE_ID,REGISTRATION_NO,REGISTRATION_YEAR,LAST_NAME,FIRST_NAME,FATHER_NAME,ID_NO,DATE_OF_BIRTH,EMAIL,LINKEDIN_URL,MOBILE_PHONE,ADDRESS,GENDER) values (2,'MPQS25084',2024,'ΝΙΚΟΛΑΟΥ','ΜΑΡΙΑ',null,null,to_date('10-FEB-99','DD-MON-RR'),'mnik@unipi.gr',null,null,null,null);
Insert into GRADUATE (GRADUATE_ID,REGISTRATION_NO,REGISTRATION_YEAR,LAST_NAME,FIRST_NAME,FATHER_NAME,ID_NO,DATE_OF_BIRTH,EMAIL,LINKEDIN_URL,MOBILE_PHONE,ADDRESS,GENDER) values (3,'MPQS25085',2023,'ΠΑΠΑΔΑΚΗΣ','ΝΙΚΟΣ',null,null,to_date('20-NOV-98','DD-MON-RR'),'npapad@unipi.gr',null,null,null,null);
Insert into GRADUATE (GRADUATE_ID,REGISTRATION_NO,REGISTRATION_YEAR,LAST_NAME,FIRST_NAME,FATHER_NAME,ID_NO,DATE_OF_BIRTH,EMAIL,LINKEDIN_URL,MOBILE_PHONE,ADDRESS,GENDER) values (4,'MPQS25086',2022,'ΓΕΩΡΓΙΟΥ','ΕΛΕΝΗ',null,null,to_date('03-JUN-97','DD-MON-RR'),'egeorg@unipi.gr',null,null,null,null);
Insert into GRADUATE (GRADUATE_ID,REGISTRATION_NO,REGISTRATION_YEAR,LAST_NAME,FIRST_NAME,FATHER_NAME,ID_NO,DATE_OF_BIRTH,EMAIL,LINKEDIN_URL,MOBILE_PHONE,ADDRESS,GENDER) values (5,'MPQS25087',2021,'ΚΩΣΤΟΠΟΥΛΟΣ','ΔΗΜΗΤΡΗΣ',null,null,to_date('14-JAN-96','DD-MON-RR'),'dkosto@unipi.gr',null,null,null,null);
Insert into GRADUATE (GRADUATE_ID,REGISTRATION_NO,REGISTRATION_YEAR,LAST_NAME,FIRST_NAME,FATHER_NAME,ID_NO,DATE_OF_BIRTH,EMAIL,LINKEDIN_URL,MOBILE_PHONE,ADDRESS,GENDER) values (6,'MPQS25088',2024,'ΣΩΤΗΡΟΠΟΥΛΟΥ','ΑΝΝΑ',null,null,to_date('09-SEP-99','DD-MON-RR'),'asotir@unipi.gr',null,null,null,null);
Insert into GRADUATE (GRADUATE_ID,REGISTRATION_NO,REGISTRATION_YEAR,LAST_NAME,FIRST_NAME,FATHER_NAME,ID_NO,DATE_OF_BIRTH,EMAIL,LINKEDIN_URL,MOBILE_PHONE,ADDRESS,GENDER) values (7,'MPQS25089',2020,'ΛΑΖΑΡΙΔΗΣ','ΓΙΩΡΓΟΣ',null,null,to_date('27-APR-95','DD-MON-RR'),'glazar@unipi.gr',null,null,null,null);
Insert into GRADUATE (GRADUATE_ID,REGISTRATION_NO,REGISTRATION_YEAR,LAST_NAME,FIRST_NAME,FATHER_NAME,ID_NO,DATE_OF_BIRTH,EMAIL,LINKEDIN_URL,MOBILE_PHONE,ADDRESS,GENDER) values (8,'MPQS25090',2019,'ΜΑΥΡΟΥ','ΚΑΤΕΡΙΝΑ',null,null,to_date('02-DEC-94','DD-MON-RR'),'kmavr@unipi.gr',null,null,null,null);
Insert into GRADUATE (GRADUATE_ID,REGISTRATION_NO,REGISTRATION_YEAR,LAST_NAME,FIRST_NAME,FATHER_NAME,ID_NO,DATE_OF_BIRTH,EMAIL,LINKEDIN_URL,MOBILE_PHONE,ADDRESS,GENDER) values (999,'AM12345',2020,'ΠΑΠΑΔΟΠΟΥΛΟΣ','ΣΤΕΦΑΝΟΣ','ΑΝΤΩΝΙΟΣ','AN123456',to_date('15-MAY-98','DD-MON-RR'),'stefanos@email.com',null,null,'ΑΚΑΔΗΜΙΑΣ 50, ΑΘΗΝΑ','Α');
Insert into GRADUATE (GRADUATE_ID,REGISTRATION_NO,REGISTRATION_YEAR,LAST_NAME,FIRST_NAME,FATHER_NAME,ID_NO,DATE_OF_BIRTH,EMAIL,LINKEDIN_URL,MOBILE_PHONE,ADDRESS,GENDER) values (10,'MPQS25096',2025,'ΛΑΜΠΡΟΠΟΥΛΟΣ','ΚΩΝΣΤΑΝΤΙΝΟΣ','ΧΡΗΣΤΟΣ',null,to_date('12-APR-98','DD-MON-RR'),'k.lamprop@email.com',null,null,null,'M');
Insert into GRADUATE (GRADUATE_ID,REGISTRATION_NO,REGISTRATION_YEAR,LAST_NAME,FIRST_NAME,FATHER_NAME,ID_NO,DATE_OF_BIRTH,EMAIL,LINKEDIN_URL,MOBILE_PHONE,ADDRESS,GENDER) values (11,'MPQS25097',2025,'ΑΛΕΞΑΝΔΡΟΥ','ΣΟΦΙΑ','ΝΙΚΟΛΑΟΣ',null,to_date('25-JUL-99','DD-MON-RR'),'s.alex@email.gr',null,null,null,'F');
Insert into GRADUATE (GRADUATE_ID,REGISTRATION_NO,REGISTRATION_YEAR,LAST_NAME,FIRST_NAME,FATHER_NAME,ID_NO,DATE_OF_BIRTH,EMAIL,LINKEDIN_URL,MOBILE_PHONE,ADDRESS,GENDER) values (100,'MPQS25100',2020,'ΓΕΩΡΓΙΟΥ','ΓΕΩΡΓΙΟΣ',null,null,to_date('12-MAY-98','DD-MON-RR'),'g.geo@email.com',null,null,null,'M');
Insert into GRADUATE (GRADUATE_ID,REGISTRATION_NO,REGISTRATION_YEAR,LAST_NAME,FIRST_NAME,FATHER_NAME,ID_NO,DATE_OF_BIRTH,EMAIL,LINKEDIN_URL,MOBILE_PHONE,ADDRESS,GENDER) values (101,'MPQS25101',2021,'ΠΑΠΠΑ','ΒΑΣΙΛΙΚΗ',null,null,to_date('20-SEP-99','DD-MON-RR'),'v.pappa@email.gr',null,null,null,'F');
Insert into GRADUATE (GRADUATE_ID,REGISTRATION_NO,REGISTRATION_YEAR,LAST_NAME,FIRST_NAME,FATHER_NAME,ID_NO,DATE_OF_BIRTH,EMAIL,LINKEDIN_URL,MOBILE_PHONE,ADDRESS,GENDER) values (102,'MPQS25102',2019,'ΛΟΥΚΑΣ','ΝΙΚΟΛΑΟΣ',null,null,to_date('15-FEB-97','DD-MON-RR'),'n.loukas@email.com',null,null,null,'M');
Insert into GRADUATE (GRADUATE_ID,REGISTRATION_NO,REGISTRATION_YEAR,LAST_NAME,FIRST_NAME,FATHER_NAME,ID_NO,DATE_OF_BIRTH,EMAIL,LINKEDIN_URL,MOBILE_PHONE,ADDRESS,GENDER) values (301,'REG-301',2020,'ΑΘΑΝΑΣΙΟΥ','ΑΘΑΝΑΣΙΟΣ',null,null,to_date('12-MAY-98','DD-MON-RR'),'a.ath@email.com',null,null,null,'M');
Insert into GRADUATE (GRADUATE_ID,REGISTRATION_NO,REGISTRATION_YEAR,LAST_NAME,FIRST_NAME,FATHER_NAME,ID_NO,DATE_OF_BIRTH,EMAIL,LINKEDIN_URL,MOBILE_PHONE,ADDRESS,GENDER) values (302,'REG-302',2020,'ΒΛΑΧΟΠΟΥΛΟΣ','ΒΑΣΙΛΕΙΟΣ',null,null,to_date('20-JUN-98','DD-MON-RR'),'v.vlach@email.com',null,null,null,'M');
Insert into GRADUATE (GRADUATE_ID,REGISTRATION_NO,REGISTRATION_YEAR,LAST_NAME,FIRST_NAME,FATHER_NAME,ID_NO,DATE_OF_BIRTH,EMAIL,LINKEDIN_URL,MOBILE_PHONE,ADDRESS,GENDER) values (303,'REG-303',2020,'ΓΑΛΑΝΗ','ΓΕΩΡΓΙΑ',null,null,to_date('15-JAN-99','DD-MON-RR'),'g.gal@email.com',null,null,null,'F');
Insert into GRADUATE (GRADUATE_ID,REGISTRATION_NO,REGISTRATION_YEAR,LAST_NAME,FIRST_NAME,FATHER_NAME,ID_NO,DATE_OF_BIRTH,EMAIL,LINKEDIN_URL,MOBILE_PHONE,ADDRESS,GENDER) values (304,'REG-304',2020,'ΔΕΔΕ','ΔΕΣΠΟΙΝΑ',null,null,to_date('10-FEB-99','DD-MON-RR'),'d.dede@email.com',null,null,null,'F');
Insert into GRADUATE (GRADUATE_ID,REGISTRATION_NO,REGISTRATION_YEAR,LAST_NAME,FIRST_NAME,FATHER_NAME,ID_NO,DATE_OF_BIRTH,EMAIL,LINKEDIN_URL,MOBILE_PHONE,ADDRESS,GENDER) values (305,'REG-305',2020,'ΕΥΘΥΜΙΟΥ','ΕΥΘΥΜΙΟΣ',null,null,to_date('30-NOV-98','DD-MON-RR'),'e.efth@email.com',null,null,null,'M');
Insert into GRADUATE (GRADUATE_ID,REGISTRATION_NO,REGISTRATION_YEAR,LAST_NAME,FIRST_NAME,FATHER_NAME,ID_NO,DATE_OF_BIRTH,EMAIL,LINKEDIN_URL,MOBILE_PHONE,ADDRESS,GENDER) values (306,'REG-306',2020,'ΖΗΣΗ','ΖΩΗ',null,null,to_date('05-MAR-99','DD-MON-RR'),'z.zisi@email.com',null,null,null,'F');
Insert into GRADUATE (GRADUATE_ID,REGISTRATION_NO,REGISTRATION_YEAR,LAST_NAME,FIRST_NAME,FATHER_NAME,ID_NO,DATE_OF_BIRTH,EMAIL,LINKEDIN_URL,MOBILE_PHONE,ADDRESS,GENDER) values (307,'REG-307',2020,'ΗΛΙΑΔΗΣ','ΗΛΙΑΣ',null,null,to_date('14-JUL-98','DD-MON-RR'),'h.hli@email.com',null,null,null,'M');
Insert into GRADUATE (GRADUATE_ID,REGISTRATION_NO,REGISTRATION_YEAR,LAST_NAME,FIRST_NAME,FATHER_NAME,ID_NO,DATE_OF_BIRTH,EMAIL,LINKEDIN_URL,MOBILE_PHONE,ADDRESS,GENDER) values (308,'REG-308',2020,'ΘΕΟΔΩΡΟΥ','ΘΕΟΔΩΡΟΣ',null,null,to_date('22-AUG-98','DD-MON-RR'),'t.theo@email.com',null,null,null,'M');
Insert into GRADUATE (GRADUATE_ID,REGISTRATION_NO,REGISTRATION_YEAR,LAST_NAME,FIRST_NAME,FATHER_NAME,ID_NO,DATE_OF_BIRTH,EMAIL,LINKEDIN_URL,MOBILE_PHONE,ADDRESS,GENDER) values (309,'REG-309',2020,'ΙΩΑΝΝΙΔΟΥ','ΙΩΑΝΝΑ',null,null,to_date('18-APR-99','DD-MON-RR'),'i.ioan@email.com',null,null,null,'F');
Insert into GRADUATE (GRADUATE_ID,REGISTRATION_NO,REGISTRATION_YEAR,LAST_NAME,FIRST_NAME,FATHER_NAME,ID_NO,DATE_OF_BIRTH,EMAIL,LINKEDIN_URL,MOBILE_PHONE,ADDRESS,GENDER) values (310,'REG-310',2020,'ΚΑΣΤΡΙΤΗ','ΚΥΡΙΑΚΗ',null,null,to_date('25-MAY-99','DD-MON-RR'),'k.kast@email.com',null,null,null,'F');

-- 4.3 Εξαρτώμενοι Πίνακες Επιπέδου 1
Insert into DEPARTMENT (DEPARTMENT_ID,DEPARTMENT_NAME,SCHOOL_ID) values (1,'Τμήμα Πληροφορικής',1);
Insert into DEPARTMENT (DEPARTMENT_ID,DEPARTMENT_NAME,SCHOOL_ID) values (2,'Τμήμα Οικονομικής Επιστήμης',2);

Insert into EXTERNAL_DEGREE (EX_DEGREE_ID,DEGREE_TITLE,DEGREE_LEVEL,ENROLLMENT_DATE,GRADUATION_DATE,GRADE,INSTITUTION_ID,FIELD_ID,GRADUATE_ID) values (10,'MSc In Data Analysis','Master',to_date('01-OCT-22','DD-MON-RR'),to_date('30-NOV-23','DD-MON-RR'),9.1,2,1,10);
Insert into EXTERNAL_DEGREE (EX_DEGREE_ID,DEGREE_TITLE,DEGREE_LEVEL,ENROLLMENT_DATE,GRADUATION_DATE,GRADE,INSTITUTION_ID,FIELD_ID,GRADUATE_ID) values (100,'MSc in Computer Science','Master',to_date('01-OCT-24','DD-MON-RR'),to_date('01-OCT-25','DD-MON-RR'),9.5,2,1,100);
Insert into EXTERNAL_DEGREE (EX_DEGREE_ID,DEGREE_TITLE,DEGREE_LEVEL,ENROLLMENT_DATE,GRADUATION_DATE,GRADE,INSTITUTION_ID,FIELD_ID,GRADUATE_ID) values (301,'MSc in Artificial Intelligence','Master',to_date('01-OCT-24','DD-MON-RR'),null,0,2,1,302);

-- 4.4 Εξαρτώμενοι Πίνακες Επιπέδου 2
Insert into PROGRAM (PROGRAM_ID,PROGRAM_NAME,PROGRAM_LEVEL,DEPARTMENT_ID,FIELD_ID) values (1,'BSc Πληροφορικής','Undergraduate',1,1);
Insert into PROGRAM (PROGRAM_ID,PROGRAM_NAME,PROGRAM_LEVEL,DEPARTMENT_ID,FIELD_ID) values (2,'MSc Data Science','Master',1,1);
Insert into PROGRAM (PROGRAM_ID,PROGRAM_NAME,PROGRAM_LEVEL,DEPARTMENT_ID,FIELD_ID) values (3,'BSc Οικονομικών','Undergraduate',2,2);

Insert into PROFESSOR (PROFESSOR_ID,LAST_NAME,FIRST_NAME,FATHER_NAME,ID_NO,DATE_OF_BIRTH,EMAIL,MOBILE_PHONE,ACADEMIC_RANK,DEPARTMENT_ID) values (1,'Παπαδόπουλος','Ιωάννης',null,null,null,'ipap@unipi.gr',null,'Καθηγητής',1);
Insert into PROFESSOR (PROFESSOR_ID,LAST_NAME,FIRST_NAME,FATHER_NAME,ID_NO,DATE_OF_BIRTH,EMAIL,MOBILE_PHONE,ACADEMIC_RANK,DEPARTMENT_ID) values (2,'Καραγιάννης','Παναγιώτης',null,null,null,'pkara@unipi.gr',null,'Αναπληρωτής Καθηγητής',1);
Insert into PROFESSOR (PROFESSOR_ID,LAST_NAME,FIRST_NAME,FATHER_NAME,ID_NO,DATE_OF_BIRTH,EMAIL,MOBILE_PHONE,ACADEMIC_RANK,DEPARTMENT_ID) values (3,'Κωνσταντίνου','Ελένη',null,null,null,'ekons@unipi.gr',null,'Καθηγήτρια',2);

-- 4.5 Εξαρτώμενοι Πίνακες Επιπέδου 3
Insert into DEGREE (DEGREE_ID,ENROLLMENT_DATE,GRADUATION_DATE,GRADE,THESIS_TITLE,THESIS_GRADE,PROGRAM_ID,GRADUATE_ID,PROFESSOR_ID) values (100,to_date('15-SEP-20','DD-MON-RR'),to_date('30-JUN-24','DD-MON-RR'),9.2,'AI in Healthcare',null,1,100,1);
Insert into DEGREE (DEGREE_ID,ENROLLMENT_DATE,GRADUATION_DATE,GRADE,THESIS_TITLE,THESIS_GRADE,PROGRAM_ID,GRADUATE_ID,PROFESSOR_ID) values (101,to_date('15-SEP-21','DD-MON-RR'),to_date('15-NOV-23','DD-MON-RR'),7.8,'Digital Marketing Trends',null,3,101,3);
Insert into DEGREE (DEGREE_ID,ENROLLMENT_DATE,GRADUATION_DATE,GRADE,THESIS_TITLE,THESIS_GRADE,PROGRAM_ID,GRADUATE_ID,PROFESSOR_ID) values (301,to_date('15-SEP-20','DD-MON-RR'),to_date('01-JUL-24','DD-MON-RR'),8.2,'Microservices Security',null,1,301,1);
Insert into DEGREE (DEGREE_ID,ENROLLMENT_DATE,GRADUATION_DATE,GRADE,THESIS_TITLE,THESIS_GRADE,PROGRAM_ID,GRADUATE_ID,PROFESSOR_ID) values (302,to_date('15-SEP-20','DD-MON-RR'),to_date('01-JUL-24','DD-MON-RR'),8.5,'Blockchain in Supply Chain',null,1,302,1);
Insert into DEGREE (DEGREE_ID,ENROLLMENT_DATE,GRADUATION_DATE,GRADE,THESIS_TITLE,THESIS_GRADE,PROGRAM_ID,GRADUATE_ID,PROFESSOR_ID) values (303,to_date('15-SEP-20','DD-MON-RR'),to_date('01-JUL-24','DD-MON-RR'),9.1,'Deep Learning for CV',null,1,303,1);
Insert into DEGREE (DEGREE_ID,ENROLLMENT_DATE,GRADUATION_DATE,GRADE,THESIS_TITLE,THESIS_GRADE,PROGRAM_ID,GRADUATE_ID,PROFESSOR_ID) values (304,to_date('15-SEP-20','DD-MON-RR'),to_date('01-JUL-24','DD-MON-RR'),7.8,'ERP Systems Analysis',null,1,304,2);
Insert into DEGREE (DEGREE_ID,ENROLLMENT_DATE,GRADUATION_DATE,GRADE,THESIS_TITLE,THESIS_GRADE,PROGRAM_ID,GRADUATE_ID,PROFESSOR_ID) values (305,to_date('15-SEP-20','DD-MON-RR'),to_date('01-JUL-24','DD-MON-RR'),8.9,'Edge Computing optimization',null,1,305,2);
Insert into DEGREE (DEGREE_ID,ENROLLMENT_DATE,GRADUATION_DATE,GRADE,THESIS_TITLE,THESIS_GRADE,PROGRAM_ID,GRADUATE_ID,PROFESSOR_ID) values (306,to_date('15-SEP-20','DD-MON-RR'),to_date('01-JUL-24','DD-MON-RR'),9.5,'Quantum Cryptography',null,1,306,2);
Insert into DEGREE (DEGREE_ID,ENROLLMENT_DATE,GRADUATION_DATE,GRADE,THESIS_TITLE,THESIS_GRADE,PROGRAM_ID,GRADUATE_ID,PROFESSOR_ID) values (307,to_date('01-SEP-23','DD-MON-RR'),null,0,'Advanced Systems Research',null,2,306,2);
Insert into DEGREE (DEGREE_ID,ENROLLMENT_DATE,GRADUATION_DATE,GRADE,THESIS_TITLE,THESIS_GRADE,PROGRAM_ID,GRADUATE_ID,PROFESSOR_ID) values (1,to_date('15-SEP-20','DD-MON-RR'),to_date('15-JUL-24','DD-MON-RR'),8.5,'Data Systems',null,1,1,1);
Insert into DEGREE (DEGREE_ID,ENROLLMENT_DATE,GRADUATION_DATE,GRADE,THESIS_TITLE,THESIS_GRADE,PROGRAM_ID,GRADUATE_ID,PROFESSOR_ID) values (2,to_date('15-SEP-20','DD-MON-RR'),to_date('15-JUL-24','DD-MON-RR'),7.4,'Business Analytics',null,1,2,1);
Insert into DEGREE (DEGREE_ID,ENROLLMENT_DATE,GRADUATION_DATE,GRADE,THESIS_TITLE,THESIS_GRADE,PROGRAM_ID,GRADUATE_ID,PROFESSOR_ID) values (3,to_date('01-OCT-21','DD-MON-RR'),to_date('30-SEP-23','DD-MON-RR'),9.1,'Machine Learning Pipelines',null,2,3,2);
Insert into DEGREE (DEGREE_ID,ENROLLMENT_DATE,GRADUATION_DATE,GRADE,THESIS_TITLE,THESIS_GRADE,PROGRAM_ID,GRADUATE_ID,PROFESSOR_ID) values (4,to_date('15-SEP-18','DD-MON-RR'),to_date('10-JUL-22','DD-MON-RR'),8.2,'Distributed Databases',null,1,4,1);
Insert into DEGREE (DEGREE_ID,ENROLLMENT_DATE,GRADUATION_DATE,GRADE,THESIS_TITLE,THESIS_GRADE,PROGRAM_ID,GRADUATE_ID,PROFESSOR_ID) values (5,to_date('15-SEP-17','DD-MON-RR'),to_date('05-JUL-21','DD-MON-RR'),7.9,'Web Applications',null,1,5,1);
Insert into DEGREE (DEGREE_ID,ENROLLMENT_DATE,GRADUATION_DATE,GRADE,THESIS_TITLE,THESIS_GRADE,PROGRAM_ID,GRADUATE_ID,PROFESSOR_ID) values (6,to_date('15-SEP-20','DD-MON-RR'),to_date('20-JUL-24','DD-MON-RR'),8,'Information Security Basics',null,1,6,2);
Insert into DEGREE (DEGREE_ID,ENROLLMENT_DATE,GRADUATION_DATE,GRADE,THESIS_TITLE,THESIS_GRADE,PROGRAM_ID,GRADUATE_ID,PROFESSOR_ID) values (7,to_date('15-SEP-16','DD-MON-RR'),to_date('01-JUL-20','DD-MON-RR'),8.7,'Macroeconomic Indicators',null,3,7,3);
Insert into DEGREE (DEGREE_ID,ENROLLMENT_DATE,GRADUATION_DATE,GRADE,THESIS_TITLE,THESIS_GRADE,PROGRAM_ID,GRADUATE_ID,PROFESSOR_ID) values (8,to_date('15-SEP-15','DD-MON-RR'),to_date('01-JUL-19','DD-MON-RR'),8.6,'Cloud Computing',null,1,8,1);

Insert into WORK_EXPERIENCE (WORK_ID,JOB_TITLE,START_DATE,END_DATE,WORK_TYPE,GRADUATE_ID,COMPANY_ID,CATEGORY_ID,JOB_LEVEL_ID,RELEVANCE_ID) values (1,'Software Engineer',to_date('01-MAR-25','DD-MON-RR'),null,'Full-time',1,1,1,1,1);
Insert into WORK_EXPERIENCE (WORK_ID,JOB_TITLE,START_DATE,END_DATE,WORK_TYPE,GRADUATE_ID,COMPANY_ID,CATEGORY_ID,JOB_LEVEL_ID,RELEVANCE_ID) values (2,'Intern',to_date('01-AUG-24','DD-MON-RR'),to_date('01-OCT-24','DD-MON-RR'),'Part-time',1,2,1,1,2);
Insert into WORK_EXPERIENCE (WORK_ID,JOB_TITLE,START_DATE,END_DATE,WORK_TYPE,GRADUATE_ID,COMPANY_ID,CATEGORY_ID,JOB_LEVEL_ID,RELEVANCE_ID) values (3,'QA Engineer',to_date('01-FEB-25','DD-MON-RR'),null,'Full-time',2,3,1,1,1);
Insert into WORK_EXPERIENCE (WORK_ID,JOB_TITLE,START_DATE,END_DATE,WORK_TYPE,GRADUATE_ID,COMPANY_ID,CATEGORY_ID,JOB_LEVEL_ID,RELEVANCE_ID) values (4,'Data Scientist',to_date('01-NOV-23','DD-MON-RR'),null,'Full-time',3,5,1,3,1);
Insert into WORK_EXPERIENCE (WORK_ID,JOB_TITLE,START_DATE,END_DATE,WORK_TYPE,GRADUATE_ID,COMPANY_ID,CATEGORY_ID,JOB_LEVEL_ID,RELEVANCE_ID) values (5,'Backend Developer',to_date('01-OCT-22','DD-MON-RR'),null,'Full-time',4,1,1,3,1);
Insert into WORK_EXPERIENCE (WORK_ID,JOB_TITLE,START_DATE,END_DATE,WORK_TYPE,GRADUATE_ID,COMPANY_ID,CATEGORY_ID,JOB_LEVEL_ID,RELEVANCE_ID) values (6,'IT Support',to_date('01-OCT-21','DD-MON-RR'),to_date('30-JUN-24','DD-MON-RR'),'Full-time',5,4,1,1,2);
Insert into WORK_EXPERIENCE (WORK_ID,JOB_TITLE,START_DATE,END_DATE,WORK_TYPE,GRADUATE_ID,COMPANY_ID,CATEGORY_ID,JOB_LEVEL_ID,RELEVANCE_ID) values (7,'Business Analyst',to_date('01-NOV-24','DD-MON-RR'),null,'Full-time',6,3,1,1,2);
Insert into WORK_EXPERIENCE (WORK_ID,JOB_TITLE,START_DATE,END_DATE,WORK_TYPE,GRADUATE_ID,COMPANY_ID,CATEGORY_ID,JOB_LEVEL_ID,RELEVANCE_ID) values (8,'Financial Analyst',to_date('15-JAN-21','DD-MON-RR'),null,'Full-time',7,2,1,3,1);
Insert into WORK_EXPERIENCE (WORK_ID,JOB_TITLE,START_DATE,END_DATE,WORK_TYPE,GRADUATE_ID,COMPANY_ID,CATEGORY_ID,JOB_LEVEL_ID,RELEVANCE_ID) values (9,'Junior Developer',to_date('01-OCT-19','DD-MON-RR'),to_date('30-JUN-20','DD-MON-RR'),'Full-time',8,1,1,1,1);
Insert into WORK_EXPERIENCE (WORK_ID,JOB_TITLE,START_DATE,END_DATE,WORK_TYPE,GRADUATE_ID,COMPANY_ID,CATEGORY_ID,JOB_LEVEL_ID,RELEVANCE_ID) values (10,'Software Engineer',to_date('01-FEB-21','DD-MON-RR'),null,'Full-time',8,4,1,3,1);
Insert into WORK_EXPERIENCE (WORK_ID,JOB_TITLE,START_DATE,END_DATE,WORK_TYPE,GRADUATE_ID,COMPANY_ID,CATEGORY_ID,JOB_LEVEL_ID,RELEVANCE_ID) values (11,'Data Scientist',to_date('15-JAN-24','DD-MON-RR'),null,'Full-time',11,3,1,1,1);
Insert into WORK_EXPERIENCE (WORK_ID,JOB_TITLE,START_DATE,END_DATE,WORK_TYPE,GRADUATE_ID,COMPANY_ID,CATEGORY_ID,JOB_LEVEL_ID,RELEVANCE_ID) values (301,'Junior Developer',to_date('01-SEP-24','DD-MON-RR'),null,'Full-time',303,1,1,1,1);
Insert into WORK_EXPERIENCE (WORK_ID,JOB_TITLE,START_DATE,END_DATE,WORK_TYPE,GRADUATE_ID,COMPANY_ID,CATEGORY_ID,JOB_LEVEL_ID,RELEVANCE_ID) values (302,'Cloud Associate',to_date('15-SEP-24','DD-MON-RR'),null,'Full-time',305,2,1,1,1);

Insert into RECOMMENDATION (RECOMMENDATION_ID,RECOMMENDATION_DATE,FILE_PATH,PROFESSOR_ID,GRADUATE_ID,COMPANY_ID) values (1,to_date('17-DEC-25','DD-MON-RR'),'/files/recommendation_mpqs25083.pdf',1,1,1);
Insert into RECOMMENDATION (RECOMMENDATION_ID,RECOMMENDATION_DATE,FILE_PATH,PROFESSOR_ID,GRADUATE_ID,COMPANY_ID) values (10,to_date('12-JAN-26','DD-MON-RR'),'/uploads/reco_alexandrou_2025.pdf',2,11,3);

-- 4.6 Εξαρτώμενοι Πίνακες Επιπέδου 4 (Feedback)
Insert into FEEDBACK (FEEDBACK_ID,FEEDBACK_DATE,EVALUATOR_ROLE,WORK_ID,COMPANY_ID) values (1,to_date('17-DEC-25','DD-MON-RR'),'Manager',1,1);
Insert into FEEDBACK (FEEDBACK_ID,FEEDBACK_DATE,EVALUATOR_ROLE,WORK_ID,COMPANY_ID) values (2,to_date('17-DEC-25','DD-MON-RR'),'HR',4,5);
Insert into FEEDBACK (FEEDBACK_ID,FEEDBACK_DATE,EVALUATOR_ROLE,WORK_ID,COMPANY_ID) values (10,to_date('12-JAN-26','DD-MON-RR'),'Project Manager',11,3);
Insert into FEEDBACK (FEEDBACK_ID,FEEDBACK_DATE,EVALUATOR_ROLE,WORK_ID,COMPANY_ID) values (301,to_date('13-JAN-26','DD-MON-RR'),'Team Lead',301,1);

-- 4.7 Εξαρτώμενοι Πίνακες Επιπέδου 5 (Rating)
Insert into RATING (RATING_ID,SCORE,IMPORTANCE,FEEDBACK_ID,SKILL_ID) values (1,9,'Υψηλή',1,1);
Insert into RATING (RATING_ID,SCORE,IMPORTANCE,FEEDBACK_ID,SKILL_ID) values (2,8,'Μεσαία',2,2);
Insert into RATING (RATING_ID,SCORE,IMPORTANCE,FEEDBACK_ID,SKILL_ID) values (10,10,'Υψηλή',10,4);
Insert into RATING (RATING_ID,SCORE,IMPORTANCE,FEEDBACK_ID,SKILL_ID) values (301,10,'Υψηλή',301,1);
Insert into RATING (RATING_ID,SCORE,IMPORTANCE,FEEDBACK_ID,SKILL_ID) values (302,9,'Μεσαία',301,2);

COMMIT;

/* ======================================================================
   5. ΑΠΟΘΗΚΕΥΜΕΝΕΣ ΔΙΑΔΙΚΑΣΙΕΣ (STORED PROCEDURES)
   ====================================================================== */

-- 5.1. Procedure: FIND_CAREER_GAPS 
CREATE OR REPLACE PROCEDURE find_career_gaps (
  p_threshold_months IN NUMBER,
  p_result OUT SYS_REFCURSOR
) AS
BEGIN
  OPEN p_result FOR
  WITH ordered_jobs AS (
    SELECT w.*, LAG(w.end_date) OVER (PARTITION BY w.graduate_id ORDER BY w.start_date) AS prev_end_date
      FROM work_experience w
  ),
  gaps_between AS (
    SELECT g.last_name, g.first_name, g.registration_no, 'Between Jobs' AS gap_type,
           oj.prev_end_date AS gap_start, oj.start_date AS gap_end,
           FLOOR(MONTHS_BETWEEN(oj.start_date, oj.prev_end_date)) AS gap_months
      FROM ordered_jobs oj
      JOIN graduate g ON g.graduate_id = oj.graduate_id
     WHERE oj.prev_end_date IS NOT NULL
       AND oj.start_date > oj.prev_end_date
       AND FLOOR(MONTHS_BETWEEN(oj.start_date, oj.prev_end_date)) > p_threshold_months
  ),
  first_job AS (
    SELECT graduate_id, MIN(start_date) AS first_start FROM work_experience GROUP BY graduate_id
  ),
  grad_date AS (
    SELECT graduate_id, MAX(graduation_date) AS graduation_date FROM degree GROUP BY graduate_id
  ),
  gaps_degree_first AS (
    SELECT g.last_name, g.first_name, g.registration_no, 'Degree to First Job' AS gap_type,
           gd.graduation_date AS gap_start, fj.first_start AS gap_end,
           FLOOR(MONTHS_BETWEEN(fj.first_start, gd.graduation_date)) AS gap_months
      FROM graduate g
      JOIN grad_date gd ON gd.graduate_id = g.graduate_id
      JOIN first_job fj ON fj.graduate_id = g.graduate_id
     WHERE gd.graduation_date IS NOT NULL
       AND fj.first_start > gd.graduation_date
       AND FLOOR(MONTHS_BETWEEN(fj.first_start, gd.graduation_date)) > p_threshold_months
  ),
  last_job AS (
    SELECT graduate_id, MAX(end_date) AS last_end FROM work_experience GROUP BY graduate_id
  ),
  has_active AS (
    SELECT DISTINCT graduate_id FROM work_experience WHERE end_date IS NULL
  ),
  gaps_current AS (
    SELECT g.last_name, g.first_name, g.registration_no, 'Current Unemployment' AS gap_type,
           lj.last_end AS gap_start, TRUNC(SYSDATE) AS gap_end,
           FLOOR(MONTHS_BETWEEN(TRUNC(SYSDATE), lj.last_end)) AS gap_months
      FROM graduate g
      JOIN last_job lj ON lj.graduate_id = g.graduate_id
      LEFT JOIN has_active ha ON ha.graduate_id = g.graduate_id
     WHERE lj.last_end IS NOT NULL
       AND lj.last_end < TRUNC(SYSDATE)
       AND ha.graduate_id IS NULL
       AND FLOOR(MONTHS_BETWEEN(TRUNC(SYSDATE), lj.last_end)) > p_threshold_months
  ),
  no_work_yet AS (
    SELECT g.last_name, g.first_name, g.registration_no, 'No Work Yet' AS gap_type,
           gd.graduation_date AS gap_start, TRUNC(SYSDATE) AS gap_end,
           FLOOR(MONTHS_BETWEEN(TRUNC(SYSDATE), gd.graduation_date)) AS gap_months
      FROM graduate g
      JOIN grad_date gd ON gd.graduate_id = g.graduate_id
      LEFT JOIN first_job fj ON fj.graduate_id = g.graduate_id
     WHERE fj.graduate_id IS NULL
       AND gd.graduation_date IS NOT NULL
       AND FLOOR(MONTHS_BETWEEN(TRUNC(SYSDATE), gd.graduation_date)) > p_threshold_months
  )
  SELECT * FROM gaps_between
  UNION ALL
  SELECT * FROM gaps_degree_first
  UNION ALL
  SELECT * FROM gaps_current
  UNION ALL
  SELECT * FROM no_work_yet
  ORDER BY last_name, first_name, gap_type, gap_months DESC;
END;
/

-- 5.2. Procedure: FIND_OVERLAPPING_STUDIES
CREATE OR REPLACE PROCEDURE find_overlapping_studies (
    p_result OUT SYS_REFCURSOR
) AS
BEGIN
    OPEN p_result FOR
    SELECT g.last_name, g.first_name,
           d1.degree_id AS deg_1, d2.degree_id AS deg_2,
           d1.enrollment_date AS d1_start, d1.graduation_date AS d1_end,
           d2.enrollment_date AS d2_start, d2.graduation_date AS d2_end
    FROM graduate g
    JOIN degree d1 ON d1.graduate_id = g.graduate_id
    JOIN degree d2 ON d2.graduate_id = g.graduate_id
    WHERE d1.degree_id < d2.degree_id
      AND d1.enrollment_date <= NVL(d2.graduation_date, SYSDATE)
      AND d2.enrollment_date <= NVL(d1.graduation_date, SYSDATE)
    ORDER BY g.last_name;
END;
/

-- 5.3. Procedure: EMPLOYMENT_CATEGORY_SHARE
CREATE OR REPLACE PROCEDURE employment_category_share (
    p_result OUT SYS_REFCURSOR
) AS
BEGIN
    OPEN p_result FOR
    WITH base AS (
        SELECT d.department_name, ec.category_name, COUNT(DISTINCT w.graduate_id) AS grads_cnt
        FROM work_experience w
        JOIN employment_category ec ON ec.category_id = w.category_id
        JOIN degree deg ON deg.graduate_id = w.graduate_id
        JOIN program p ON p.program_id = deg.program_id
        JOIN department d ON d.department_id = p.department_id
        GROUP BY d.department_name, ec.category_name
    ),
    tot AS (
        SELECT department_name, SUM(grads_cnt) AS total_cnt FROM base GROUP BY department_name
    )
    SELECT b.department_name, b.category_name, b.grads_cnt,
           ROUND((b.grads_cnt / NULLIF(t.total_cnt,0)) * 100, 2) AS percentage
    FROM base b
    JOIN tot t ON t.department_name = b.department_name
    ORDER BY b.department_name, percentage DESC;
END;
/

/* ======================================================================
   6. TRIGGERS (ΕΝΑΥΣΜΑΤΑ)
   ====================================================================== */

-- 6.1. Καθαρισμός Στοιχείων και Έλεγχος Ημερομηνίας Γέννησης
CREATE OR REPLACE TRIGGER TRG_GRADUATE_VAL_NORM
BEFORE INSERT OR UPDATE ON GRADUATE
FOR EACH ROW
BEGIN
    :NEW.FIRST_NAME  := TRANSLATE(UPPER(TRIM(:NEW.FIRST_NAME)), 'ΆΈΉΊΌΎΏ', 'ΑΕΗΙΟΥΩ');
    :NEW.LAST_NAME   := TRANSLATE(UPPER(TRIM(:NEW.LAST_NAME)),  'ΆΈΉΊΌΎΏ', 'ΑΕΗΙΟΥΩ');
    :NEW.FATHER_NAME := TRANSLATE(UPPER(TRIM(:NEW.FATHER_NAME)), 'ΆΈΉΊΌΎΏ', 'ΑΕΗΙΟΥΩ');
    :NEW.ADDRESS     := TRANSLATE(UPPER(TRIM(:NEW.ADDRESS)),     'ΆΈΉΊΌΎΏ', 'ΑΕΗΙΟΥΩ');
    :NEW.EMAIL       := LOWER(TRIM(:NEW.EMAIL));

    IF :NEW.DATE_OF_BIRTH >= SYSDATE THEN
        RAISE_APPLICATION_ERROR(-20005, 'Η ημερομηνία γέννησης δεν μπορεί να είναι μελλοντική.');
    END IF;
END;
/

-- 6.2. Έλεγχος Λογικής Σπουδών και Βαθμολογίας
CREATE OR REPLACE TRIGGER TRG_DEGREE_LOGIC_VAL
BEFORE INSERT OR UPDATE ON DEGREE
FOR EACH ROW
BEGIN
    IF :NEW.GRADUATION_DATE > SYSDATE THEN
        RAISE_APPLICATION_ERROR(-20006, 'Το πτυχίο δεν μπορεί να έχει μελλοντική ημερομηνία.');
    END IF;

    IF :NEW.ENROLLMENT_DATE IS NOT NULL AND :NEW.GRADUATION_DATE < :NEW.ENROLLMENT_DATE THEN
        RAISE_APPLICATION_ERROR(-20104, 'Η αποφοίτηση δεν μπορεί να είναι πριν από την εγγραφή.');
    END IF;

    IF :NEW.GRADE IS NOT NULL AND (:NEW.GRADE < 0 OR :NEW.GRADE > 10) THEN
        RAISE_APPLICATION_ERROR(-20105, 'Ο βαθμός πρέπει να είναι μεταξύ 0 και 10.');
    END IF;
END;
/

-- 6.3. Έλεγχος Χρονικής Συνέπειας Εργασίας
CREATE OR REPLACE TRIGGER TRG_WORK_EXPERIENCE_CHK
BEFORE INSERT OR UPDATE ON WORK_EXPERIENCE
FOR EACH ROW
BEGIN
    IF :NEW.START_DATE > SYSDATE THEN
        RAISE_APPLICATION_ERROR(-20009, 'Η έναρξη εργασίας δεν μπορεί να είναι μελλοντική.');
    END IF;

    IF :NEW.END_DATE IS NOT NULL AND :NEW.END_DATE < :NEW.START_DATE THEN
        RAISE_APPLICATION_ERROR(-20101, 'Η λήξη εργασίας δεν μπορεί να είναι πριν από την έναρξη.');
    END IF;
END;
/

-- 6.4. Έλεγχος Μελλοντικής Ημερομηνίας Εξωτερικών Πτυχίων
CREATE OR REPLACE TRIGGER TRG_EXT_DEGREE_PAST
BEFORE INSERT OR UPDATE ON EXTERNAL_DEGREE
FOR EACH ROW
BEGIN
    IF :NEW.GRADUATION_DATE > SYSDATE THEN
        RAISE_APPLICATION_ERROR(-20007, 'Το εξωτερικό πτυχίο δεν μπορεί να έχει μελλοντική ημερομηνία.');
    END IF;
END;
/

-- 6.5. COMPOUND TRIGGER: Μία Μόνο Ενεργή Εργασία ανά Απόφοιτο
CREATE OR REPLACE TRIGGER trg_one_active_job
FOR INSERT OR UPDATE ON work_experience
COMPOUND TRIGGER
    TYPE t_grad_ids IS TABLE OF NUMBER INDEX BY PLS_INTEGER;
    v_grads t_grad_ids;

    BEFORE EACH ROW IS
    BEGIN
        IF :NEW.end_date IS NULL THEN
            v_grads(v_grads.COUNT + 1) := :NEW.graduate_id;
        END IF;
    END BEFORE EACH ROW;

    AFTER STATEMENT IS
        v_count NUMBER;
    BEGIN
        FOR i IN 1 .. v_grads.COUNT LOOP
            SELECT COUNT(*) INTO v_count
            FROM work_experience
            WHERE graduate_id = v_grads(i)
              AND end_date IS NULL;

            IF v_count > 1 THEN
                RAISE_APPLICATION_ERROR(-20102, 'Σφάλμα: Ο απόφοιτος έχει ήδη ενεργή εργασία. Δεν επιτρέπεται δεύτερη παράλληλη απασχόληση.');
            END IF;
        END LOOP;
    END AFTER STATEMENT;
END trg_one_active_job;
/

-- 6.6. Σύνθετος Κανόνας: Ταύτιση Εταιρείας και Αξιολόγησης
CREATE OR REPLACE TRIGGER TRG_FEEDBACK_COMPANY_MATCH
BEFORE INSERT OR UPDATE ON FEEDBACK
FOR EACH ROW
DECLARE
    v_comp_id NUMBER;
BEGIN
    SELECT COMPANY_ID INTO v_comp_id FROM WORK_EXPERIENCE WHERE WORK_ID = :NEW.WORK_ID;
    IF :NEW.COMPANY_ID <> v_comp_id THEN
        RAISE_APPLICATION_ERROR(-20103, 'Η αξιολόγηση πρέπει να αφορά την ίδια εταιρεία με την εργασία.');
    END IF;
END;
/